gender,SeniorCitizen,Partner,Dependents,tenure,PhoneService,PaperlessBilling,MonthlyCharges,TotalCharges,Churn,MultipleLines_No phone service,MultipleLines_Yes,InternetService_Fiber optic,InternetService_No,OnlineSecurity_No internet service,OnlineSecurity_Yes,OnlineBackup_No internet service,OnlineBackup_Yes,DeviceProtection_No internet service,DeviceProtection_Yes,TechSupport_No internet service,TechSupport_Yes,StreamingTV_No internet service,StreamingTV_Yes,StreamingMovies_No internet service,StreamingMovies_Yes,Contract_One year,Contract_Two year,PaymentMethod_Credit card (automatic),PaymentMethod_Electronic check,PaymentMethod_Mailed check
1,0,0,0,72,1,0,56.4,4065.42,0,False,False,True,False,False,False,False,True,False,False,True,False,False,True,False,False,False,False,True,False,False
0,0,1,0,34,1,0,75.35,2541.92,1,False,False,True,False,False,False,False,False,True,False,False,True,False,False,False,True,False,False,False,False,False
1,0,1,0,50,0,0,67.68,3238.41,0,False,False,True,False,False,True,True,False,True,False,False,True,False,True,False,False,True,False,False,True,False
1,0,1,0,36,1,0,56.97,1978.69,1,True,False,True,False,True,False,False,False,False,True,True,False,True,False,False,False,False,False,False,True,False
1,0,1,1,56,1,1,39.8,2267.55,0,False,False,False,False,False,False,False,False,False,False,True,False,True,False,True,False,True,False,False,False,True
0,0,1,1,7,1,1,32.21,326.43,1,False,False,True,False,False,False,False,True,False,False,True,False,False,False,False,True,False,False,True,False,False
1,1,0,0,19,1,1,30.69,628.24,1,False,True,False,False,False,False,False,False,True,False,True,False,False,True,False,False,False,False,False,True,False
1,0,0,0,52,1,0,76.92,4016.02,0,False,False,True,False,False,True,False,True,True,False,False,False,False,True,True,False,False,False,True,False,False
1,1,0,0,11,1,1,49.17,539.8,0,False,False,True,False,True,False,True,False,False,True,False,False,False,False,False,False,False,False,False,True,False
0,0,0,0,48,1,0,18.0,948.13,0,False,False,True,False,False,False,False,False,False,False,False,False,False,False,True,False,False,True,True,False,False
1,0,0,1,16,0,1,78.11,1357.17,0,False,False,False,True,False,True,True,False,False,False,False,True,True,False,True,False,False,False,True,False,False
1,0,0,0,63,1,1,63.61,3978.09,0,False,True,False,False,False,True,False,False,False,True,False,False,False,True,False,False,False,False,False,False,True
1,1,0,0,41,1,0,105.16,4211.56,0,False,True,True,False,False,True,False,False,False,True,False,False,False,False,False,False,False,False,False,False,True
1,1,1,0,28,1,1,75.95,2021.69,1,False,False,False,False,True,False,False,False,False,False,False,False,False,False,False,True,False,False,True,False,False
0,0,1,0,18,1,0,20.4,433.29,1,False,True,True,False,False,False,True,False,False,False,False,False,False,False,False,False,False,False,False,False,True
1,0,1,0,10,1,1,18.0,177.65,0,False,False,False,True,False,True,True,False,False,True,False,False,False,False,False,True,False,False,False,False,False
0,0,0,1,49,1,1,43.18,2124.98,0,False,True,True,False,False,True,False,False,False,False,False,True,False,True,False,False,False,True,False,False,False
0,0,0,0,70,1,1,46.01,3131.17,0,True,False,False,True,False,False,True,False,False,False,False,True,False,False,False,False,True,False,False,True,False
0,1,1,0,57,1,1,93.05,5266.19,1,True,False,False,False,False,False,False,False,False,False,False,True,True,False,False,False,False,False,True,False,False
1,0,0,0,33,1,0,64.49,2113.4,1,False,True,False,True,False,False,False,False,False,False,False,True,False,False,False,True,False,False,False,True,False
0,0,1,0,19,0,1,98.77,1887.02,1,False,True,False,False,False,False,False,False,False,True,True,False,True,False,True,False,False,False,True,False,False
1,0,0,1,49,1,1,25.02,1206.05,0,False,False,False,True,False,True,False,True,False,False,False,True,False,False,False,True,False,False,False,True,False
0,1,1,1,9,0,1,93.72,791.61,0,True,False,False,False,False,False,False,True,False,True,False,True,False,True,False,True,True,False,False,False,False
0,1,1,0,31,1,0,86.39,2638.86,1,False,False,False,False,True,False,False,True,False,False,False,False,False,False,False,True,False,True,False,True,False
0,0,0,0,51,1,0,18.0,978.42,0,False,True,True,False,False,True,False,False,False,True,False,False,False,False,True,False,False,False,False,True,False
0,0,1,1,14,1,1,104.44,1474.4,1,False,False,False,True,False,False,False,False,False,False,False,True,False,False,True,False,False,True,False,True,False
0,0,1,1,2,1,1,67.56,165.73,1,False,False,False,False,False,False,False,False,False,True,True,False,False,True,False,False,False,False,False,False,False
0,0,1,0,36,1,0,76.52,2709.78,0,False,True,True,False,False,False,True,False,False,False,True,False,False,False,True,False,False,False,False,False,True
0,0,0,1,39,1,0,38.81,1365.9,0,False,False,False,True,False,True,False,False,False,False,False,True,False,True,False,True,False,False,True,False,False
0,1,0,0,71,1,1,103.02,7288.26,1,False,True,True,False,True,False,False,False,False,True,False,False,False,True,True,False,False,False,False,True,False
1,0,1,0,39,1,0,29.18,1094.69,0,False,True,False,False,False,False,False,True,False,False,True,False,False,False,False,True,False,True,False,False,False
1,1,0,0,55,1,0,89.72,4952.05,1,False,True,True,False,False,False,False,True,False,True,True,False,False,False,False,True,False,False,False,False,False
0,1,0,1,22,1,0,89.38,2130.65,1,False,True,True,False,False,False,False,False,False,False,False,False,True,False,False,True,False,False,False,True,False
0,0,1,1,10,1,0,35.53,390.06,0,False,True,False,True,False,True,False,False,False,True,False,True,False,False,False,False,False,True,False,False,True
0,0,1,0,63,1,0,120.0,7696.8,0,False,False,True,False,False,True,False,False,False,False,False,False,False,False,True,False,False,True,False,False,True
1,1,1,0,7,1,1,71.71,530.41,0,False,True,True,False,False,False,False,True,False,False,False,False,False,False,False,False,True,False,False,False,True
0,1,1,0,55,1,0,84.38,4609.41,0,False,True,False,True,False,True,False,False,True,False,False,True,False,False,True,False,False,True,False,True,False
1,0,0,1,59,0,1,18.95,1135.45,1,False,True,True,False,False,False,False,True,False,False,False,False,False,True,False,False,False,False,False,False,False
1,0,1,0,9,1,0,120.0,1169.03,0,True,False,False,False,False,False,False,True,False,False,False,False,True,False,False,True,False,True,False,True,False
1,0,0,0,38,1,1,28.02,1156.24,0,False,True,False,False,False,False,False,True,False,False,False,False,False,False,False,False,True,False,False,False,False
1,1,0,0,27,1,1,95.51,2550.0,0,False,False,True,False,False,False,False,True,True,False,True,False,True,False,False,False,False,True,True,False,False
1,0,1,0,48,1,0,34.92,1688.82,0,False,False,False,False,False,False,False,False,False,False,True,False,False,False,True,False,False,True,False,False,True
0,0,0,0,35,1,0,46.19,1545.19,1,True,False,False,True,False,True,False,True,False,True,False,False,False,True,False,False,False,False,False,False,False
0,0,1,0,12,1,1,88.42,1102.27,1,False,True,True,False,False,False,True,False,True,False,True,False,False,False,False,False,False,True,False,True,False
0,0,0,1,35,1,1,95.59,3423.32,0,False,False,False,False,False,False,False,False,False,False,False,True,False,True,False,True,False,False,True,False,False
0,0,0,0,25,1,1,26.62,667.49,1,False,False,True,False,False,False,False,True,True,False,True,False,False,False,False,False,False,False,False,True,False
0,0,0,1,3,1,0,97.47,259.04,1,False,False,True,False,False,False,False,True,True,False,False,True,False,True,True,False,False,False,False,False,False
1,0,0,0,63,1,0,96.11,6072.94,0,False,True,False,True,False,False,False,False,False,True,False,True,False,False,False,True,False,True,True,False,False
0,0,1,0,37,1,1,36.62,1375.81,0,False,False,False,True,False,True,False,True,False,False,False,False,True,False,True,False,False,False,False,False,False
0,0,0,1,21,0,0,112.72,2371.18,0,False,True,True,False,False,True,True,False,False,False,False,False,False,False,False,False,False,False,False,False,False
1,0,0,0,1,1,0,21.05,29.99,1,False,False,True,False,False,True,True,False,False,False,True,False,True,False,False,True,False,False,False,False,True
0,1,0,1,30,1,1,46.02,1371.91,1,False,False,True,False,True,False,False,True,False,False,False,False,False,False,True,False,False,True,False,True,False
1,0,0,0,10,1,0,79.13,841.1,1,False,True,True,False,False,True,False,False,False,False,False,False,False,False,False,False,False,False,True,False,False
0,0,0,0,45,1,1,39.15,1798.56,0,False,False,False,False,False,True,False,True,False,True,False,False,True,False,False,False,False,True,False,True,False
1,1,1,1,61,0,0,72.67,4383.71,0,False,True,False,False,False,True,False,False,False,True,False,False,True,False,False,True,False,True,False,False,False
0,0,1,0,68,1,1,71.99,4844.79,0,False,False,True,False,False,True,False,False,False,False,False,False,True,False,False,True,False,False,False,True,False
0,0,0,0,63,1,1,59.15,3713.73,1,False,False,False,False,False,False,False,True,False,True,False,False,False,True,True,False,False,False,True,False,False
1,0,1,1,9,1,1,89.73,844.41,0,False,True,False,False,False,True,False,True,False,True,False,False,False,False,False,False,True,False,False,True,False
1,0,0,1,39,1,1,57.91,2265.89,1,False,True,True,False,False,True,False,False,False,True,True,False,False,True,True,False,False,True,False,False,True
1,0,0,0,23,1,0,71.71,1617.17,0,True,False,False,False,False,False,False,False,False,False,True,False,False,False,False,True,True,False,False,False,False
1,0,1,0,43,1,1,99.15,4276.53,1,False,True,True,False,False,False,False,True,False,False,False,True,False,False,False,True,False,False,False,False,True
1,0,1,0,59,0,1,88.48,5203.78,1,False,True,True,False,False,False,False,False,False,True,False,False,True,False,False,True,False,True,False,False,True
1,0,0,1,61,1,0,88.34,5432.76,0,False,True,False,True,False,False,False,False,True,False,False,False,True,False,False,False,False,False,False,False,True
1,0,1,1,16,1,1,30.28,501.13,1,False,False,True,False,False,True,True,False,False,False,False,False,False,False,True,False,True,False,False,True,False
1,0,0,0,64,1,1,80.5,5136.24,0,False,False,False,False,False,False,False,True,False,False,False,False,False,True,False,False,False,True,False,False,True
0,0,1,1,56,1,0,38.41,2162.54,1,False,True,True,False,False,True,True,False,False,False,True,False,True,False,False,False,False,False,False,False,True
0,0,0,1,54,1,0,26.32,1487.03,0,False,True,False,True,False,False,False,False,False,False,False,False,False,True,True,False,False,True,False,False,True
1,0,1,1,52,1,1,62.61,3227.24,0,False,True,False,True,False,False,False,True,False,False,True,False,False,False,True,False,True,False,False,True,False
0,1,0,0,55,1,1,37.63,2089.78,0,False,True,True,False,False,True,False,False,False,True,True,False,False,True,False,True,False,True,True,False,False
0,0,1,0,8,1,0,88.48,704.32,1,False,True,False,False,False,False,False,False,False,True,True,False,False,False,True,False,False,False,False,False,True
0,0,0,0,21,1,1,89.2,1894.55,0,False,False,False,True,True,False,True,False,True,False,True,False,True,False,False,False,False,False,False,True,False
0,0,1,0,12,1,1,18.0,183.27,0,False,True,False,False,True,False,False,True,False,True,False,False,False,True,False,True,False,True,False,False,True
1,0,0,0,47,1,1,39.91,1881.29,1,False,True,True,False,False,False,False,False,False,False,False,True,False,False,False,True,False,False,True,False,False
0,0,0,0,17,1,1,20.97,411.88,1,False,True,True,False,False,False,False,False,True,False,False,False,False,False,False,False,False,False,False,True,False
1,1,1,1,39,1,0,50.88,1937.47,0,True,False,False,False,False,True,True,False,False,False,False,True,True,False,False,False,False,True,False,False,False
0,1,1,0,16,1,0,78.42,1188.25,1,True,False,True,False,False,True,False,False,False,False,False,False,True,False,False,True,False,False,False,False,True
0,0,1,0,14,1,0,57.49,740.29,0,False,False,False,False,False,False,True,False,False,False,False,False,False,True,False,True,False,True,False,True,False
0,1,0,0,14,1,0,47.07,600.45,1,False,True,True,False,False,False,True,False,False,True,False,False,False,True,False,False,False,False,True,False,False
1,0,0,0,62,0,1,103.77,6463.51,0,False,True,False,True,True,False,False,True,False,False,True,False,False,False,True,False,False,False,False,False,True
0,0,0,0,38,1,1,18.0,613.71,0,False,True,False,False,False,False,True,False,False,False,True,False,False,False,False,False,True,False,False,True,False
1,0,1,1,12,1,0,101.87,1207.55,0,False,True,False,True,False,False,True,False,True,False,False,True,False,False,False,True,True,False,True,False,False
0,1,1,0,31,1,1,48.43,1532.24,1,False,False,False,False,False,False,False,True,True,False,False,False,False,True,False,True,True,False,False,False,False
1,0,0,0,8,1,1,62.42,520.19,1,False,False,True,False,True,False,False,False,True,False,False,False,False,True,False,True,False,False,True,False,False
0,0,0,0,39,1,0,48.94,1889.38,0,False,False,False,False,False,False,False,False,True,False,False,False,False,False,False,True,False,True,False,False,False
1,0,0,0,19,0,1,111.05,2119.5,0,False,False,False,True,False,False,False,True,False,False,True,False,False,True,False,False,False,False,False,False,False
1,0,1,0,72,1,1,27.83,2009.12,0,False,True,True,False,False,False,False,True,False,False,False,False,True,False,False,False,False,False,True,False,False
0,0,0,1,62,0,0,65.11,4025.61,1,False,False,True,False,True,False,False,True,False,False,False,False,False,True,False,False,False,False,False,True,False
1,0,1,0,43,0,0,80.58,3454.4,0,False,True,False,True,False,True,False,True,False,False,True,False,False,True,False,False,True,False,False,False,False
0,0,1,1,37,1,1,18.0,777.77,0,False,True,True,False,True,False,False,False,True,False,True,False,True,False,False,True,False,False,False,False,False
0,0,0,0,59,1,0,37.16,2232.91,0,False,False,False,True,False,False,False,True,False,True,False,True,False,False,False,False,False,False,False,True,False
0,0,0,0,70,1,1,60.31,4345.73,1,False,True,True,False,False,False,True,False,True,False,False,False,False,False,False,False,False,False,False,False,True
0,0,0,0,47,1,1,38.16,1768.67,0,False,True,False,True,False,False,False,False,True,False,False,False,False,True,False,False,False,False,False,True,False
0,0,1,0,17,1,0,40.29,680.68,0,False,True,True,False,False,False,False,True,True,False,False,False,False,False,False,True,False,False,False,False,False
0,0,1,0,15,1,0,54.26,747.29,0,False,False,False,False,False,True,False,False,True,False,False,True,False,False,False,False,True,False,False,False,True
0,1,0,1,54,1,1,84.25,4509.02,1,False,False,True,False,True,False,False,False,False,True,False,False,False,False,False,True,False,False,True,False,False
0,0,0,0,38,1,1,54.48,2165.34,0,False,True,False,False,False,False,True,False,False,True,False,False,True,False,False,True,False,True,False,True,False
0,0,1,1,67,1,1,97.11,6480.27,0,False,False,True,False,False,False,False,True,False,True,False,True,False,False,True,False,True,False,False,False,False
0,0,1,0,58,1,1,34.83,2116.1,1,False,True,True,False,False,True,False,True,False,False,False,False,False,False,True,False,False,False,False,True,False
0,0,1,1,61,1,1,27.2,1597.03,1,False,False,True,False,False,False,True,False,False,False,False,False,False,False,False,True,True,False,False,False,False
1,0,0,1,12,1,1,120.0,1387.33,0,False,False,False,False,False,False,True,False,True,False,False,True,False,False,False,True,False,False,False,False,False
1,0,1,0,5,1,1,45.02,208.04,1,False,False,False,False,False,False,False,False,True,False,False,True,False,True,False,False,False,True,False,False,False
0,0,1,1,59,1,1,25.43,1497.18,0,True,False,True,False,False,False,False,False,False,False,True,False,False,False,False,True,False,True,True,False,False
0,0,1,0,13,1,1,18.0,280.15,0,False,True,False,True,False,False,False,True,False,True,False,True,False,False,False,False,False,False,True,False,False
0,0,1,0,53,1,0,97.01,5164.07,0,False,False,True,False,True,False,False,False,False,True,True,False,False,False,False,True,True,False,False,True,False
0,0,1,1,3,1,1,54.52,142.74,1,False,False,True,False,False,False,False,True,False,True,False,False,False,False,False,True,False,False,False,False,True
0,0,0,0,38,1,1,57.15,2165.03,1,True,False,True,False,True,False,False,True,False,False,False,False,False,False,True,False,False,False,False,False,False
0,0,1,1,71,1,0,59.98,4242.63,0,False,True,True,False,False,True,True,False,False,False,False,True,True,False,True,False,False,True,False,False,True
0,0,0,1,24,1,0,95.15,2237.87,1,False,False,False,False,False,False,False,True,False,True,False,True,False,True,False,True,False,False,False,True,False
0,0,1,0,31,1,1,59.37,1796.07,1,False,False,True,False,False,False,False,False,False,False,False,True,False,False,False,False,False,False,False,False,True
1,0,0,1,58,1,1,120.0,7011.39,0,False,True,False,False,False,False,True,False,False,True,False,True,True,False,False,True,False,False,False,False,True
0,0,0,0,62,1,0,68.77,4172.33,0,False,False,False,True,True,False,False,True,False,False,False,False,False,False,False,True,True,False,False,False,True
1,0,0,1,37,1,1,96.61,3655.44,0,False,True,False,False,False,True,True,False,False,False,False,True,False,False,True,False,False,False,True,False,False
0,0,0,1,52,1,0,88.92,4606.69,0,False,False,True,False,False,True,True,False,False,False,False,False,False,True,False,False,False,True,False,False,True
0,0,1,0,66,1,1,63.67,4163.59,1,False,False,False,False,True,False,False,False,False,False,False,False,False,False,False,False,False,False,False,True,False
1,1,1,0,27,1,1,47.15,1310.04,0,False,False,False,False,False,True,False,True,True,False,False,False,False,True,False,False,False,False,False,True,False
0,1,0,1,2,1,1,74.72,223.7,0,False,False,False,True,False,False,False,False,False,True,False,True,True,False,True,False,True,False,True,False,False
1,0,0,0,21,1,0,80.06,1737.14,1,False,False,False,False,False,False,False,False,False,False,False,True,False,False,True,False,False,False,True,False,False
0,0,0,1,37,1,0,47.58,1785.55,0,False,True,False,False,True,False,False,False,False,False,False,True,True,False,False,True,True,False,False,False,False
0,0,0,0,71,1,1,69.75,5006.59,0,False,True,True,False,False,True,False,True,False,False,False,False,False,False,False,True,False,False,False,False,True
1,0,0,0,71,1,1,101.85,7145.53,0,False,False,False,False,False,True,True,False,True,False,False,False,False,False,False,False,False,False,True,False,False
0,0,1,0,61,1,1,120.0,7293.91,0,False,True,False,False,False,False,False,True,False,False,True,False,False,False,False,False,False,False,False,False,False
1,0,1,0,56,1,1,90.39,5016.28,0,False,True,False,True,True,False,False,False,False,False,False,False,True,False,True,False,False,True,True,False,False
0,0,0,0,5,1,0,120.0,661.23,1,False,False,True,False,False,False,False,True,False,True,False,False,True,False,False,False,True,False,False,False,False
1,0,0,0,31,1,1,45.88,1403.11,0,False,True,False,True,False,False,False,False,False,False,False,False,False,True,True,False,False,True,False,False,True
1,0,1,0,9,1,0,85.82,814.65,1,False,True,False,True,False,False,True,False,False,True,False,False,False,False,False,True,False,False,False,False,True
0,0,0,0,2,0,0,104.92,236.63,1,False,False,True,False,True,False,False,True,False,True,False,True,False,False,True,False,True,False,False,True,False
0,0,1,1,58,1,0,37.87,2153.34,0,False,True,False,False,True,False,False,True,False,False,False,True,False,True,False,False,False,False,False,True,False
1,0,0,0,48,1,0,50.19,2379.77,0,True,False,False,True,True,False,False,False,False,False,False,False,False,False,True,False,False,True,False,False,False
0,0,1,0,58,1,1,116.9,6844.89,0,False,False,False,True,False,True,False,False,False,True,False,False,True,False,False,True,True,False,True,False,False
0,0,1,0,30,1,1,35.51,1026.53,1,False,False,False,True,False,True,False,False,False,False,False,False,False,False,False,False,True,False,False,False,False
0,0,0,0,68,1,1,24.53,1674.28,0,False,True,True,False,False,False,False,False,False,False,False,False,False,False,True,False,False,False,False,False,True
1,1,1,0,61,1,1,110.6,6707.47,1,False,False,False,False,True,False,False,True,False,True,False,False,False,False,False,False,False,False,False,True,False
1,0,0,1,51,1,1,100.66,5117.96,1,False,False,False,True,False,False,True,False,False,False,False,False,False,False,False,False,False,False,False,True,False
1,0,0,1,40,1,1,77.72,3106.49,0,False,False,True,False,False,True,True,False,False,False,False,False,False,True,True,False,False,True,False,False,True
1,0,0,0,30,1,0,63.39,1862.56,0,False,True,False,True,True,False,False,False,False,False,False,False,False,False,False,False,False,False,False,False,True
1,0,1,0,21,1,1,51.6,1035.58,0,False,False,False,False,False,True,True,False,False,False,False,False,True,False,False,False,False,False,False,False,False
1,0,1,0,3,1,0,73.22,233.97,0,False,False,False,False,False,False,False,False,False,False,False,False,False,False,False,True,False,False,False,True,False
1,0,1,0,12,1,0,112.15,1303.56,1,False,False,False,False,False,False,False,False,False,False,False,False,False,True,True,False,False,False,True,False,False
1,0,0,0,44,1,0,71.92,3123.95,1,False,False,False,True,False,False,False,True,True,False,True,False,False,True,False,False,False,False,False,False,True
1,0,0,0,41,1,1,120.0,4873.05,0,False,False,False,False,False,False,False,False,False,False,False,False,False,True,False,False,False,True,True,False,False
0,0,0,1,48,1,1,37.82,1811.46,0,False,False,False,False,False,False,False,False,False,True,False,False,False,False,False,True,True,False,False,False,True
1,0,0,1,19,1,1,64.17,1266.42,0,False,True,False,True,False,False,False,True,False,False,False,False,False,False,False,False,False,True,False,True,False
0,0,0,0,53,1,1,53.57,2914.54,0,False,False,False,False,False,False,False,False,True,False,False,False,False,True,False,True,False,True,True,False,False
0,0,0,0,35,0,1,32.21,1091.05,0,False,True,False,True,False,False,True,False,False,True,False,True,True,False,False,True,False,False,False,False,False
0,0,1,1,0,1,0,60.17,107.52,0,False,False,True,False,False,False,False,False,True,False,True,False,False,False,False,False,False,False,False,False,True
1,1,0,0,14,1,1,77.28,1031.68,0,False,True,False,True,False,True,False,False,True,False,False,True,False,False,False,True,False,False,False,False,True
1,0,1,0,16,1,1,80.49,1342.02,1,False,False,True,False,False,True,True,False,False,True,False,False,True,False,False,True,False,True,False,True,False
1,0,0,0,23,1,0,120.0,2723.92,0,False,True,False,True,False,True,False,True,True,False,False,False,False,True,False,False,False,False,False,False,False
1,0,0,0,57,1,1,78.69,4441.78,0,False,False,False,True,False,True,False,False,False,False,True,False,True,False,False,True,False,False,True,False,False
0,0,0,0,71,1,1,99.26,7010.22,0,False,False,False,False,False,False,True,False,True,False,False,True,False,True,False,False,False,False,False,True,False
1,0,1,1,22,1,0,66.74,1465.66,0,False,True,False,False,True,False,False,False,False,False,False,False,False,False,False,True,False,False,False,True,False
1,0,1,0,45,1,1,115.1,5208.5,1,False,True,False,False,False,False,False,False,False,False,False,False,True,False,False,False,False,False,True,False,False
1,0,1,0,71,1,0,120.0,8553.49,1,False,True,True,False,True,False,False,True,False,False,False,False,True,False,False,False,False,False,False,True,False
1,0,1,1,7,1,1,80.69,517.63,0,False,False,False,True,False,False,True,False,False,False,False,True,False,False,False,False,False,True,False,False,False
1,0,1,0,58,1,0,34.98,1979.36,0,False,False,True,False,False,False,False,False,False,True,False,False,False,False,False,True,False,True,False,False,True
0,0,0,0,58,1,1,48.3,2755.57,0,False,False,True,False,False,False,True,False,False,False,False,False,False,False,False,True,False,False,False,False,False
1,0,0,0,12,1,1,73.22,873.07,0,False,True,False,False,False,True,False,False,False,True,False,True,True,False,False,True,False,False,False,False,True
0,0,1,0,38,1,0,78.45,2970.59,0,False,False,False,True,False,True,False,False,False,False,False,False,False,True,False,False,False,True,False,True,False
1,0,1,1,27,1,1,85.71,2266.66,0,False,False,False,True,False,False,True,False,False,False,False,False,True,False,True,False,False,False,False,True,False
0,0,1,0,60,1,1,78.57,4727.68,0,False,False,False,False,True,False,False,False,False,False,False,False,False,False,False,True,False,True,False,False,False
1,0,0,0,15,1,1,64.97,1087.68,0,False,False,True,False,False,True,False,False,False,False,True,False,False,False,False,True,False,False,False,False,False
1,1,0,0,1,1,1,45.67,20.43,1,False,True,False,False,False,True,False,False,False,True,False,False,False,False,False,True,True,False,False,False,False
0,0,0,1,16,1,1,76.79,1206.96,0,False,True,True,False,False,False,True,False,False,True,True,False,False,False,False,False,True,False,False,False,False
0,0,0,0,29,1,0,120.0,3507.98,0,False,True,True,False,False,True,False,False,False,True,True,False,True,False,False,False,True,False,False,True,False
0,0,0,0,12,1,1,95.36,1116.38,0,False,True,False,False,True,False,False,False,False,False,False,False,False,False,False,False,False,True,False,True,False
1,0,0,1,12,1,0,80.8,1003.05,0,False,True,True,False,False,False,False,True,True,False,False,True,True,False,True,False,False,False,True,False,False
0,0,1,1,42,0,1,95.65,3981.37,1,False,True,False,False,True,False,True,False,False,True,False,False,False,True,False,False,False,False,False,False,True
1,0,0,0,20,1,1,53.63,1164.21,0,False,True,True,False,False,False,False,True,True,False,False,False,False,False,False,True,False,False,False,True,False
1,0,1,0,54,1,0,49.51,2690.78,1,True,False,True,False,False,False,False,False,False,False,False,False,True,False,False,True,False,True,False,True,False
0,0,0,0,39,1,0,42.33,1619.87,0,False,False,False,False,False,False,False,False,False,False,False,False,False,False,False,False,False,False,False,True,False
0,0,1,0,14,1,1,61.0,1916.69,0,False,False,True,False,False,False,False,False,False,False,False,False,False,False,False,False,False,True,False,False,True
1,1,0,0,72,1,1,52.1,3725.51,1,False,False,True,False,False,False,False,False,True,False,False,False,False,False,False,False,False,False,True,False,False
1,0,0,0,51,1,1,101.01,5220.15,0,False,True,True,False,False,True,False,True,False,True,False,True,True,False,False,False,False,False,True,False,False
0,0,0,1,52,1,1,50.5,2562.56,0,False,False,False,False,False,False,False,False,False,False,True,False,True,False,False,False,True,False,True,False,False
0,0,0,0,51,0,0,40.68,2041.28,0,False,True,True,False,False,False,False,False,False,False,False,False,False,True,True,False,False,False,True,False,False
0,1,1,1,29,0,1,120.0,3451.92,0,False,False,False,True,True,False,True,False,False,False,True,False,True,False,False,False,False,False,True,False,False
1,0,1,0,32,1,0,51.22,1638.26,0,False,True,False,False,False,False,False,True,True,False,False,True,False,False,False,False,False,False,False,False,True
1,0,1,1,56,1,1,69.37,3871.16,0,True,False,False,False,False,False,True,False,False,True,True,False,False,True,False,True,False,False,False,True,False
1,1,1,1,51,1,1,78.3,3918.74,0,False,True,False,False,False,True,False,False,False,False,False,True,True,False,False,False,True,False,True,False,False
1,1,0,0,8,1,0,30.66,225.29,1,False,True,True,False,False,False,True,False,False,False,False,True,False,False,True,False,True,False,False,True,False
1,0,1,1,53,1,1,101.82,5391.48,0,True,False,False,False,False,False,False,False,False,False,False,True,True,False,False,False,False,False,False,True,False
1,0,0,0,0,1,1,83.87,0.0,1,False,True,True,False,True,False,False,False,False,False,False,False,False,True,False,False,False,False,False,True,False
0,0,0,1,43,1,0,111.51,4829.27,1,False,False,True,False,True,False,True,False,False,False,True,False,False,True,False,False,False,False,False,False,True
1,0,0,0,8,1,0,44.38,401.01,1,False,False,True,False,False,True,True,False,True,False,False,False,False,False,False,True,False,False,False,True,False
1,1,1,0,31,1,0,67.73,2095.71,0,False,False,True,False,True,False,False,False,False,False,True,False,False,True,False,False,False,True,False,True,False
1,0,0,1,14,1,1,65.94,934.69,1,True,False,True,False,False,True,False,True,True,False,False,False,False,False,False,True,False,True,False,False,True
0,0,0,1,11,1,1,72.68,691.43,1,True,False,True,False,False,False,False,False,False,False,False,False,False,True,True,False,False,False,True,False,False
1,0,0,0,56,1,0,21.12,1916.69,0,False,True,False,False,False,False,False,False,False,True,True,False,False,False,True,False,False,False,False,False,False
1,0,0,0,7,1,1,68.09,526.87,0,False,False,False,False,False,True,False,True,False,True,False,False,False,True,False,True,False,True,True,False,False
0,0,0,0,71,1,0,21.97,1538.7,1,False,False,False,True,False,False,False,True,False,True,False,False,False,True,False,True,False,False,False,True,False
1,0,1,0,26,1,1,75.51,1926.4,1,False,False,False,False,False,True,True,False,False,False,True,False,True,False,False,False,False,False,False,True,False
1,0,0,0,61,1,1,18.0,1211.88,0,False,True,True,False,False,True,False,True,False,False,True,False,False,True,False,False,False,True,False,False,False
1,0,1,1,11,1,0,18.0,288.95,0,False,False,False,True,False,False,False,False,False,False,True,False,False,False,False,True,False,False,False,False,True
1,0,1,0,64,1,1,89.32,5739.86,1,True,False,False,False,False,False,False,True,False,False,True,False,True,False,False,False,False,False,False,False,False
1,0,1,0,41,0,1,48.35,2039.3,0,True,False,True,False,True,False,False,False,False,True,False,True,False,False,False,False,False,True,True,False,False
0,0,1,0,61,1,1,35.12,2031.02,0,False,False,True,False,False,False,False,True,False,True,True,False,True,False,False,True,True,False,False,False,False
0,0,1,0,10,0,1,102.89,989.52,1,False,True,False,True,False,False,False,True,False,True,False,False,False,True,True,False,False,False,True,False,False
0,0,1,0,42,1,1,74.59,3109.28,1,False,True,False,True,False,False,False,False,False,False,True,False,False,True,True,False,False,False,False,False,True
1,0,0,0,16,1,1,90.92,1442.92,1,False,False,True,False,False,True,True,False,False,True,False,False,True,False,False,False,False,False,False,True,False
1,0,0,0,31,1,1,59.77,1828.37,0,False,False,False,False,False,True,False,True,False,True,False,False,False,False,True,False,False,True,False,False,True
1,0,0,0,39,1,0,120.0,4552.5,1,False,False,True,False,False,False,False,False,True,False,False,False,False,False,False,True,False,False,False,True,False
0,0,1,0,22,0,1,46.62,1044.94,1,False,True,True,False,False,False,False,False,True,False,False,False,False,False,False,True,False,False,False,True,False
1,0,1,1,55,1,0,117.09,6467.13,0,False,False,True,False,False,False,True,False,False,True,False,True,False,False,False,True,False,True,False,True,False
1,0,0,1,5,1,1,62.92,394.69,0,False,False,False,False,False,False,False,False,False,False,True,False,False,True,False,False,False,False,False,False,True
0,0,1,0,49,1,0,18.0,842.58,0,True,False,False,False,False,False,False,False,False,False,True,False,True,False,True,False,False,False,False,True,False
1,1,1,0,36,1,1,79.25,2809.49,1,False,False,False,True,False,True,False,False,True,False,False,True,False,False,False,False,False,False,False,True,False
0,0,0,1,63,1,0,74.2,4540.6,1,False,True,True,False,False,True,True,False,False,False,False,False,False,False,True,False,False,False,False,False,False
0,0,1,1,53,1,0,33.22,1745.98,0,False,False,False,False,True,False,False,True,False,True,False,False,True,False,False,False,False,False,False,False,False
0,0,0,1,71,1,0,37.09,2678.45,0,False,True,True,False,False,False,False,False,False,False,False,False,False,False,False,False,False,True,False,False,False
1,0,0,1,48,1,1,64.02,3042.37,0,True,False,False,True,True,False,True,False,False,False,False,True,False,True,False,False,False,True,False,False,False
1,0,1,0,10,1,1,75.25,859.67,1,False,True,True,False,False,True,False,False,False,True,True,False,True,False,False,True,False,False,False,True,False
1,0,1,0,48,1,0,18.0,851.17,0,False,False,False,False,True,False,False,False,False,False,False,False,True,False,False,True,False,False,False,True,False
1,0,0,0,20,1,0,96.35,1934.35,0,False,True,False,False,False,True,False,False,False,False,False,False,False,False,False,False,True,False,False,True,False
1,0,1,0,65,1,0,49.93,3177.29,0,False,False,False,False,False,True,False,False,False,False,False,False,False,True,False,False,False,False,True,False,False
1,0,1,1,62,1,1,24.81,1552.58,1,False,False,False,True,True,False,False,False,False,True,False,True,False,True,False,False,False,False,False,False,False
1,1,0,1,27,1,0,92.99,2411.76,0,False,False,True,False,False,False,False,False,False,False,False,False,False,False,False,False,False,True,False,True,False
0,0,1,0,16,1,1,64.05,1059.48,1,False,True,True,False,False,False,False,False,False,True,False,True,False,False,False,True,False,False,False,False,True
1,1,0,0,5,1,1,101.24,542.42,1,False,True,True,False,False,True,False,False,False,False,False,True,True,False,False,False,False,False,True,False,False
0,0,0,0,18,0,1,77.9,1470.16,1,False,True,True,False,False,False,True,False,False,True,False,False,True,False,False,False,False,False,False,False,False
1,0,1,1,55,1,1,64.71,3508.05,0,False,False,False,True,True,False,False,True,False,True,True,False,True,False,False,False,False,False,True,False,False
1,1,1,0,27,1,0,60.18,1916.69,1,False,True,True,False,False,False,False,False,False,False,False,False,False,False,True,False,False,False,False,True,False
1,0,1,0,65,1,0,79.24,5178.79,0,False,False,False,False,False,False,False,False,False,False,False,True,True,False,False,False,False,False,False,True,False
0,0,1,0,37,1,0,52.35,1959.06,0,False,False,False,False,False,True,False,False,True,False,False,False,False,False,False,False,False,False,False,False,False
0,0,1,0,36,1,0,39.18,1367.22,0,False,False,True,False,False,False,False,True,False,False,True,False,False,True,True,False,True,False,False,False,False
0,0,0,0,67,0,1,83.06,5445.42,0,False,False,False,True,False,False,False,False,False,True,False,False,False,True,True,False,False,False,False,False,False
0,1,1,0,48,1,0,60.43,2917.99,1,False,False,False,False,False,True,True,False,False,False,True,False,False,False,True,False,False,False,False,False,True
1,0,0,1,42,1,1,65.77,2754.72,0,False,True,False,True,False,False,False,False,False,False,False,False,True,False,False,True,True,False,False,False,True
0,0,0,1,35,1,0,97.44,3382.07,0,False,False,True,False,False,True,True,False,False,True,False,False,False,True,False,True,False,True,False,False,False
1,0,0,1,57,1,0,61.34,3534.58,0,False,False,False,False,True,False,True,False,True,False,False,True,False,True,False,True,False,False,False,True,False
1,0,0,0,12,1,0,65.21,780.27,1,False,True,False,False,False,False,False,True,False,True,False,False,True,False,False,True,False,False,False,False,True
0,0,1,0,51,1,1,46.77,2319.31,1,False,False,False,False,False,True,False,True,True,False,False,False,False,True,True,False,False,False,True,False,False
0,0,0,0,57,1,0,77.68,4331.19,0,False,False,True,False,False,False,True,False,True,False,False,False,True,False,False,False,True,False,False,True,False
0,0,0,1,31,1,1,75.25,2276.3,1,False,False,False,False,False,False,True,False,False,False,True,False,False,False,False,True,False,False,False,False,True
0,0,1,0,59,1,1,91.78,5534.67,1,False,True,True,False,False,False,False,True,True,False,True,False,False,True,False,True,False,False,False,False,False
0,0,1,0,57,1,0,47.39,2737.37,1,False,False,True,False,True,False,False,True,False,False,False,True,True,False,False,True,False,False,True,False,False
0,1,0,0,55,1,1,51.03,2816.08,0,False,True,True,False,False,False,False,True,False,True,False,True,False,True,False,False,False,False,False,False,True
0,0,1,0,27,1,0,88.52,2380.96,0,False,True,False,False,True,False,True,False,False,False,False,False,False,False,False,False,False,False,False,False,True
0,0,1,0,0,1,1,72.33,0.0,1,True,False,True,False,False,False,False,True,False,True,False,False,False,True,True,False,False,False,True,False,False
1,0,1,0,41,1,1,37.57,1598.73,0,False,False,True,False,False,True,False,False,False,False,False,False,False,True,True,False,False,True,True,False,False
0,0,1,1,47,1,0,103.96,4861.59,0,False,False,True,False,False,False,True,False,False,False,True,False,False,True,False,True,True,False,False,False,False
0,0,0,0,39,0,1,18.0,730.85,0,False,True,False,True,False,False,False,True,False,False,True,False,False,True,False,False,False,False,False,False,True
1,0,0,1,62,1,1,88.29,5456.56,0,False,False,False,False,False,False,False,False,False,False,False,False,False,True,False,True,False,False,False,True,False
0,0,0,1,71,1,1,26.8,1999.81,0,False,False,False,True,True,False,False,True,False,False,True,False,False,False,False,False,False,False,False,False,False
1,0,1,1,3,1,1,120.0,397.11,1,False,True,True,False,False,False,True,False,True,False,False,False,False,False,True,False,False,False,True,False,False
1,0,1,0,37,1,0,18.42,743.82,1,False,False,True,False,True,False,False,True,False,True,False,True,False,False,False,False,False,True,True,False,False
0,1,0,0,26,1,1,99.33,2553.36,0,False,True,True,False,False,False,False,False,False,False,False,False,False,False,False,False,False,True,False,True,False
1,0,1,0,8,1,0,62.31,551.39,0,False,False,True,False,False,False,False,False,False,True,False,False,True,False,False,False,False,False,False,False,True
1,0,1,1,15,1,0,53.76,790.77,1,False,False,False,False,False,False,False,True,False,False,False,False,True,False,False,True,False,False,False,False,True
1,1,0,0,55,1,1,70.32,3873.1,1,False,True,True,False,False,False,False,True,False,True,False,True,False,False,False,True,False,False,True,False,False
1,0,1,0,30,1,0,83.72,2593.35,0,False,True,True,False,True,False,False,False,False,False,False,False,True,False,False,False,True,False,False,False,False
0,0,0,0,13,1,0,37.63,437.05,0,False,True,True,False,False,False,False,True,False,True,False,False,False,False,False,False,True,False,False,False,True
1,1,1,0,24,0,1,40.29,977.12,0,False,True,False,False,False,True,True,False,False,True,True,False,False,False,False,True,False,True,False,True,False
0,0,1,1,33,1,1,84.25,2802.15,0,False,False,False,True,False,False,True,False,True,False,False,False,False,False,False,False,True,False,False,False,True
1,0,1,0,66,1,1,18.0,1214.0,0,False,False,True,False,False,False,False,False,False,True,False,False,False,False,True,False,False,False,False,True,False
1,0,0,0,23,1,0,47.23,1063.75,0,False,True,False,False,False,True,False,False,False,False,False,False,False,False,False,False,True,False,True,False,False
1,0,0,1,72,1,0,120.0,8744.31,1,False,True,True,False,False,True,False,False,False,True,False,True,False,False,False,False,True,False,False,False,False
1,0,0,0,25,0,1,35.72,828.25,1,False,False,True,False,False,False,True,False,False,False,False,False,True,False,False,False,False,False,False,False,True
0,0,0,0,19,1,0,99.19,1957.55,1,False,False,False,True,False,False,False,False,False,False,True,False,True,False,False,False,False,False,False,False,True
0,1,1,0,63,1,0,47.18,3033.09,0,False,True,True,False,False,False,False,True,False,False,False,False,False,False,False,False,True,False,True,False,False
1,0,0,1,9,1,0,80.03,815.31,0,False,True,False,True,False,True,False,True,False,True,True,False,False,False,True,False,True,False,False,True,False
1,0,1,1,66,1,0,84.39,5490.33,1,False,False,False,False,False,True,False,False,False,False,False,True,False,True,False,False,True,False,False,True,False
0,0,0,1,23,1,1,98.63,2225.05,0,False,True,True,False,False,False,False,False,False,False,False,True,False,True,False,False,True,False,True,False,False
1,0,1,0,4,1,0,58.75,309.6,0,False,True,False,True,False,False,False,False,True,False,True,False,False,False,False,True,True,False,True,False,False
1,0,0,0,66,1,0,120.0,7826.15,0,False,False,False,True,False,True,False,True,False,False,True,False,False,False,False,True,True,False,True,False,False
1,0,1,1,57,1,0,47.08,2603.24,0,False,False,True,False,False,False,False,False,False,False,True,False,False,True,False,False,False,False,False,True,False
0,0,1,0,26,1,1,71.79,1842.12,0,False,False,False,True,False,False,False,True,False,True,False,False,True,False,True,False,True,False,False,True,False
0,0,0,0,14,1,1,72.12,1019.28,1,False,False,False,False,False,True,False,True,False,True,True,False,False,False,False,False,False,False,False,True,False
0,1,1,1,34,1,1,31.1,1137.01,0,False,False,False,True,False,True,False,False,False,True,True,False,False,False,False,True,False,False,False,True,False
1,0,1,0,52,1,1,56.18,2912.1,0,False,True,False,False,False,True,False,True,False,True,True,False,False,True,False,True,False,False,False,False,False
1,0,1,0,43,1,0,69.61,2962.82,0,False,True,False,False,True,False,False,False,False,True,False,False,False,True,False,False,True,False,False,True,False
0,0,1,1,25,1,1,51.8,1310.57,1,False,True,False,False,False,False,False,False,False,False,False,False,True,False,False,True,True,False,False,False,False
0,1,0,1,46,1,0,120.0,5543.48,1,False,True,True,False,False,False,False,False,False,False,True,False,False,False,False,True,False,True,False,True,False
0,0,0,0,33,1,0,39.6,1328.86,0,False,False,False,False,False,False,False,False,True,False,False,False,True,False,False,False,False,False,False,False,True
0,0,0,0,49,1,0,100.14,4897.96,0,False,False,False,False,False,False,False,True,False,True,False,False,True,False,False,True,False,False,True,False,False
1,0,0,0,11,1,1,90.45,897.2,1,True,False,False,False,False,False,False,True,False,False,False,False,False,False,False,False,False,False,False,True,False
0,0,1,0,3,1,0,64.34,147.14,0,False,False,False,False,False,False,True,False,True,False,False,False,False,True,True,False,False,False,False,False,True
1,0,0,1,47,1,0,38.8,1894.61,1,False,True,True,False,False,True,False,False,False,False,False,False,True,False,False,True,False,True,False,True,False
0,0,1,1,54,1,0,41.71,2261.69,1,False,True,True,False,False,False,False,False,False,True,False,True,True,False,False,False,False,False,False,True,False
1,0,1,0,0,1,1,49.22,0.0,0,False,False,True,False,False,False,False,True,False,True,True,False,False,False,False,False,True,False,False,False,True
0,0,0,1,65,1,1,18.0,1225.91,0,False,False,True,False,False,False,False,False,False,True,False,False,True,False,False,False,True,False,False,False,True
0,0,1,1,29,1,1,34.66,948.63,0,False,False,False,True,False,False,False,False,False,False,False,False,True,False,False,False,False,False,False,False,False
0,0,0,0,2,1,1,20.29,29.31,0,False,False,True,False,False,True,False,False,False,False,False,True,False,False,False,False,False,True,True,False,False
0,0,1,0,20,1,1,105.14,2109.69,0,False,False,False,False,False,False,False,False,False,True,False,True,False,False,True,False,False,False,False,False,True
1,0,0,0,48,1,1,83.31,3976.81,1,False,False,True,False,False,False,False,True,False,True,False,True,True,False,False,False,False,False,False,True,False
0,0,0,0,61,1,0,88.34,5393.78,0,False,True,False,False,True,False,False,True,False,False,False,False,False,False,False,False,False,True,False,False,False
1,1,0,1,37,1,1,82.42,3040.16,0,False,False,False,False,False,False,True,False,True,False,False,True,False,True,False,True,False,True,False,True,False
1,0,0,0,14,1,1,69.77,906.81,0,False,False,True,False,False,False,True,False,False,False,True,False,False,False,False,True,False,False,False,False,False
1,0,0,1,51,1,0,108.58,5546.65,0,False,True,False,True,False,False,False,True,False,False,False,True,False,True,False,True,False,False,False,False,False
1,0,1,0,45,1,1,46.44,2023.38,1,False,False,False,False,True,False,False,False,False,False,False,True,False,True,False,False,False,False,False,True,False
0,1,0,0,24,1,0,67.96,1639.32,1,False,True,False,False,False,False,False,True,False,True,False,True,True,False,False,True,False,False,True,False,False
1,0,1,0,20,1,1,87.17,1812.11,1,True,False,False,False,False,False,False,True,False,False,False,True,False,True,False,False,False,True,True,False,False
1,0,0,0,4,1,1,25.12,86.43,1,False,True,False,True,False,False,False,False,False,False,False,False,False,True,False,False,True,False,True,False,False
1,0,0,0,69,1,1,120.0,8221.43,0,False,False,True,False,False,False,False,True,True,False,True,False,False,False,False,True,False,False,False,True,False
0,0,0,1,46,0,0,65.62,3012.17,0,False,True,False,False,True,False,False,False,False,True,False,False,False,False,False,False,False,True,False,False,False
0,0,1,0,67,1,1,69.02,4582.74,0,False,False,True,False,False,True,False,False,False,False,False,True,False,False,False,False,False,False,True,False,False
0,1,1,0,17,1,0,102.47,1771.72,1,False,True,True,False,False,True,False,True,False,False,False,False,False,True,False,True,False,False,False,True,False
0,1,0,1,20,1,1,92.21,1836.8,1,False,True,True,False,True,False,False,True,False,False,False,False,False,True,False,False,False,True,True,False,False
1,0,1,0,22,1,1,65.9,1535.29,1,False,False,False,False,False,False,True,False,False,True,True,False,False,True,False,False,False,True,False,True,False
1,0,1,0,63,0,0,68.66,4383.73,0,True,False,False,True,False,False,False,True,False,False,False,True,False,False,False,False,False,True,False,True,False
0,1,1,1,66,1,1,19.64,1288.59,0,False,True,False,False,False,False,False,False,True,False,False,False,False,True,False,True,False,False,False,False,False
1,0,0,0,39,1,0,48.07,1910.51,0,False,True,True,False,False,True,False,False,False,False,False,False,True,False,False,False,False,True,False,False,False
1,0,0,0,9,1,1,80.28,702.86,0,False,False,False,False,False,False,False,False,False,False,False,False,False,False,True,False,False,False,False,False,False
1,0,1,0,51,1,1,78.08,3983.78,0,False,False,True,False,False,False,False,False,False,True,False,False,False,True,False,False,True,False,True,False,False
0,0,1,0,71,1,0,101.39,7180.62,0,True,False,True,False,False,False,False,True,False,False,False,True,False,False,False,True,False,True,False,True,False
0,0,1,0,60,1,0,61.14,3706.72,1,False,True,True,False,False,False,False,True,False,False,True,False,False,False,False,False,False,False,False,True,False
1,0,0,0,63,0,1,23.14,1529.47,0,False,False,False,False,True,False,False,True,True,False,False,True,False,False,False,False,False,True,True,False,False
0,1,0,0,4,1,0,96.46,425.77,1,False,True,False,True,False,True,False,False,True,False,False,False,False,True,False,False,False,False,False,True,False
0,1,1,1,52,1,1,107.84,5653.78,0,False,True,False,False,True,False,False,False,False,False,False,True,False,False,False,False,False,False,False,False,False
0,0,1,0,54,1,0,91.71,4998.49,0,False,False,True,False,False,True,False,True,False,False,True,False,False,False,False,False,False,True,False,False,True
0,0,1,0,36,1,0,59.85,2182.16,0,False,False,False,True,False,False,False,True,True,False,False,True,True,False,True,False,False,False,False,True,False
0,1,0,1,55,1,1,96.09,5227.99,0,False,False,True,False,True,False,False,False,False,False,True,False,False,True,False,False,True,False,False,True,False
1,0,0,0,58,1,1,120.0,7045.05,0,False,True,True,False,False,False,False,False,False,False,True,False,False,False,False,False,False,False,False,False,True
0,0,1,0,68,1,1,68.21,4728.5,1,False,False,True,False,False,False,True,False,False,True,True,False,False,False,False,True,False,True,True,False,False
1,1,1,1,72,1,1,25.41,1817.83,0,False,True,True,False,False,False,False,False,False,False,False,False,True,False,True,False,False,False,False,False,False
1,1,1,0,58,1,1,47.17,2717.33,0,True,False,False,True,False,False,False,False,False,False,False,False,True,False,True,False,False,False,False,False,False
0,0,0,0,1,0,0,83.52,114.14,0,False,True,False,False,False,True,False,False,True,False,False,False,False,True,False,True,False,False,False,False,True
1,0,1,0,64,1,0,18.0,1179.54,0,False,True,True,False,True,False,True,False,True,False,False,True,False,True,False,False,False,True,False,True,False
1,0,0,1,59,1,1,69.84,4110.46,1,False,True,True,False,False,False,True,False,False,True,False,False,False,False,False,True,True,False,False,True,False
1,0,0,1,50,1,1,76.17,3746.0,0,False,False,True,False,False,False,False,False,False,False,False,True,False,True,False,False,True,False,False,False,True
0,0,1,0,29,1,1,110.81,3228.78,1,False,True,False,False,False,False,False,True,True,False,True,False,False,False,False,False,False,False,False,True,False
0,0,1,0,10,1,0,104.07,1068.27,1,True,False,True,False,False,True,False,True,False,False,False,True,False,True,False,True,False,False,False,True,False
1,0,1,1,38,1,1,90.7,3482.89,0,False,True,False,True,False,True,False,False,False,True,False,False,False,False,True,False,False,False,False,False,True
0,0,0,0,71,1,1,18.0,1295.46,1,False,False,False,True,False,False,False,False,False,True,False,False,True,False,False,True,True,False,False,False,True
0,0,0,1,62,1,1,92.39,5714.62,1,False,True,True,False,False,False,False,False,False,False,False,False,True,False,True,False,False,False,False,True,False
0,0,0,0,63,1,1,85.93,5463.29,0,False,False,True,False,False,False,False,True,False,False,False,False,False,False,False,False,False,True,False,False,False
0,1,0,0,60,1,1,72.44,4349.69,0,True,False,False,True,True,False,False,False,False,False,False,True,False,False,False,False,False,True,False,False,True
1,0,1,0,53,1,1,18.0,930.75,0,False,True,False,False,False,True,True,False,False,True,False,False,True,False,False,True,False,False,False,True,False
1,0,0,1,72,1,1,41.46,2976.09,1,True,False,False,False,False,False,False,True,True,False,False,False,False,True,False,True,False,False,True,False,False
0,0,0,0,57,1,1,29.76,1609.02,0,False,False,True,False,False,True,False,False,False,True,True,False,False,False,False,False,False,True,False,True,False
0,0,1,1,55,1,1,18.0,980.89,1,True,False,False,True,False,False,False,False,False,True,False,False,False,False,False,False,False,False,True,False,False
1,0,0,0,33,1,1,64.67,2168.53,0,False,False,False,True,False,True,True,False,False,False,True,False,False,True,False,True,False,False,False,True,False
1,0,0,0,30,1,1,40.83,1241.89,0,False,True,True,False,True,False,True,False,False,False,False,True,False,False,False,True,False,False,True,False,False
0,0,0,1,51,1,0,120.0,6196.03,0,False,True,False,False,False,True,False,False,False,True,False,False,False,True,False,True,True,False,False,True,False
1,0,0,1,0,0,0,59.7,0.0,0,False,True,True,False,True,False,False,False,False,True,False,True,False,False,False,False,False,True,False,False,False
0,0,0,0,54,1,1,103.57,5617.15,0,False,True,False,False,False,False,True,False,False,True,False,True,False,True,False,False,False,False,False,False,True
0,0,0,0,21,0,1,18.0,417.64,1,False,True,False,False,True,False,False,False,False,False,False,True,False,False,False,True,False,False,False,False,False
1,1,1,0,39,1,0,48.86,2022.68,1,False,True,True,False,False,False,False,False,False,False,False,False,False,True,False,False,False,False,False,False,True
1,0,1,1,0,1,1,67.67,7.24,0,False,False,False,False,True,False,False,False,False,False,False,True,True,False,False,True,True,False,False,True,False
0,0,0,0,64,1,1,37.52,2349.07,0,False,False,False,True,False,True,False,True,False,False,False,False,False,False,True,False,False,False,False,False,False
0,0,1,0,62,1,1,52.09,3271.98,0,False,True,True,False,False,False,False,False,False,False,True,False,False,False,True,False,False,False,False,True,False
1,0,1,0,53,1,0,58.22,3178.95,0,False,True,True,False,True,False,True,False,False,True,False,False,False,False,False,False,False,True,True,False,False
0,0,1,0,41,1,0,57.74,2351.21,0,False,False,False,False,False,True,False,False,True,False,False,False,False,False,True,False,False,True,False,True,False
1,0,1,0,20,0,1,120.0,2442.05,0,False,True,False,False,False,True,False,False,True,False,False,False,False,True,True,False,False,True,False,False,True
0,1,0,0,21,1,1,76.11,1659.75,0,False,True,False,False,False,False,False,True,False,True,False,False,False,False,True,False,False,True,False,False,False
1,0,0,0,37,1,0,79.15,2979.4,1,False,True,False,True,True,False,False,False,False,True,False,True,False,True,False,False,False,False,False,False,True
1,0,1,0,7,1,0,80.95,572.93,0,True,False,False,True,False,False,False,True,False,True,False,False,False,True,False,False,False,False,False,True,False
1,0,1,0,61,1,0,83.14,5036.62,0,False,False,True,False,False,False,False,True,False,True,False,False,False,False,False,True,False,False,False,False,False
0,1,1,1,46,1,1,62.27,2860.36,0,False,True,False,False,False,True,False,False,False,False,True,False,False,True,False,False,False,False,False,False,False
0,0,0,0,16,1,1,55.14,905.17,0,False,False,False,True,False,True,False,True,False,False,False,False,False,False,False,False,False,True,True,False,False
1,0,0,0,16,0,0,69.76,1161.57,0,False,False,True,False,True,False,False,False,True,False,False,False,False,False,False,True,False,True,False,False,True
0,0,1,0,12,1,1,99.46,1210.22,1,False,False,False,False,False,True,False,False,False,False,False,False,False,False,False,True,True,False,False,False,True
1,0,0,1,16,1,1,98.55,1557.8,0,False,False,True,False,False,False,True,False,False,False,False,True,False,False,False,False,False,False,False,False,True
1,0,0,1,37,1,1,57.55,2157.12,1,False,False,False,True,True,False,False,False,False,False,False,False,False,False,False,True,False,True,False,True,False
0,1,0,0,44,1,0,87.8,3906.2,0,False,True,False,False,False,True,False,True,False,True,False,False,False,False,False,False,False,True,False,False,False
0,0,0,1,5,1,0,58.92,313.58,0,False,True,False,False,False,False,False,True,False,False,False,True,False,False,True,False,False,False,False,True,False
1,0,1,0,34,1,1,65.78,2194.71,0,False,False,False,True,False,True,False,False,False,False,False,True,False,True,False,False,False,True,False,False,True
0,0,0,1,13,1,0,50.55,648.08,1,False,False,False,False,False,False,False,False,False,True,False,True,False,False,False,False,False,False,False,False,True
0,0,1,1,71,1,0,59.31,4258.4,0,False,False,False,False,False,True,False,False,False,True,False,False,False,False,False,False,False,False,False,False,False
1,0,0,1,60,1,0,105.0,6230.85,0,False,False,True,False,False,False,False,False,True,False,False,True,False,False,False,False,True,False,True,False,False
1,0,0,1,14,0,1,67.53,840.76,0,True,False,False,True,False,False,False,True,False,False,False,False,True,False,False,True,True,False,False,False,False
0,0,0,0,53,1,1,68.82,3722.86,0,False,True,True,False,False,False,False,False,False,True,False,False,True,False,True,False,False,False,False,False,True
1,0,0,1,26,1,1,21.34,580.41,0,False,False,False,True,False,False,False,False,False,False,False,False,False,True,False,True,False,False,False,False,False
1,0,1,0,12,1,1,55.48,696.1,1,False,False,True,False,False,True,False,True,True,False,True,False,False,True,False,True,False,True,False,False,False
0,0,0,0,30,1,1,57.52,1671.76,0,True,False,False,False,False,False,False,True,False,False,True,False,False,True,False,False,True,False,False,True,False
1,0,0,0,34,1,1,39.89,1393.14,0,True,False,False,True,False,False,False,True,False,True,False,False,False,True,False,True,True,False,False,True,False
1,0,0,0,59,1,0,65.41,3872.95,0,False,False,True,False,False,False,False,True,True,False,False,True,False,True,False,False,False,False,False,True,False
0,0,1,0,5,1,1,51.88,180.18,0,False,True,False,False,False,True,False,False,False,False,False,False,False,False,False,True,False,False,False,False,True
0,0,1,0,68,1,1,67.16,4638.09,1,False,False,True,False,False,False,False,True,False,True,False,False,True,False,False,True,False,False,True,False,False
1,1,1,1,57,1,1,68.41,3907.3,0,False,True,False,False,False,True,False,True,False,False,False,False,False,False,False,True,False,False,False,True,False
1,1,0,0,48,1,1,36.09,1712.52,0,False,False,False,False,False,False,False,True,False,False,False,False,False,True,False,True,False,False,False,False,True
0,0,0,0,22,1,1,52.8,1142.7,1,True,False,False,False,False,True,True,False,False,True,False,True,False,False,False,False,False,False,True,False,False
0,0,1,0,33,1,0,67.08,2112.88,1,False,True,True,False,False,False,True,False,False,True,False,False,False,False,True,False,True,False,True,False,False
0,0,0,0,25,1,1,100.29,2536.92,0,False,False,False,True,False,True,False,True,False,True,False,True,True,False,False,False,False,False,False,False,False
0,0,0,0,46,1,0,72.46,3346.25,1,False,False,True,False,True,False,False,False,True,False,False,False,True,False,True,False,False,True,False,True,False
1,0,0,0,4,1,0,44.9,169.9,0,False,False,False,True,True,False,False,True,False,True,False,False,True,False,False,True,False,False,False,True,False
0,0,0,0,19,0,1,76.73,1521.79,1,False,True,False,False,False,True,False,False,False,False,False,False,False,False,False,False,False,False,False,True,False
0,0,0,0,5,1,1,115.99,510.76,1,False,False,False,False,False,False,False,True,True,False,False,True,False,False,False,True,False,False,False,True,False
1,0,0,1,69,0,0,92.26,6336.1,1,True,False,False,False,False,True,False,False,False,True,False,False,False,True,False,False,False,False,False,True,False
0,0,1,0,58,1,1,81.19,4666.52,0,True,False,False,False,False,False,False,False,True,False,False,False,False,False,False,False,False,False,False,False,True
1,0,0,1,63,1,1,86.53,5437.45,0,False,True,False,False,False,False,True,False,True,False,False,True,False,True,False,False,False,True,False,True,False
0,0,0,0,17,1,0,107.96,1838.69,0,False,False,False,True,False,False,False,True,True,False,True,False,False,False,False,False,False,True,False,True,False
0,0,0,0,3,0,1,97.03,312.59,1,False,False,False,True,False,False,True,False,False,True,False,False,False,False,False,False,False,False,False,True,False
0,0,0,1,16,1,1,81.76,1290.81,0,False,True,False,True,False,False,True,False,False,False,False,False,False,True,False,False,False,False,False,False,False
1,0,0,1,13,1,0,96.82,1214.79,0,False,True,False,False,False,False,False,True,False,False,False,False,False,True,True,False,True,False,False,False,False
1,0,1,1,12,1,1,32.31,472.02,0,False,True,False,True,False,True,False,False,True,False,False,False,False,True,False,True,True,False,False,False,True
0,0,1,0,6,1,1,19.69,238.72,1,True,False,False,False,False,False,False,True,False,True,False,False,False,True,False,False,False,False,False,True,False
1,0,1,0,43,1,0,69.47,2994.37,0,False,False,False,False,False,False,False,True,False,False,False,False,False,True,False,False,True,False,False,False,True
1,0,1,0,14,1,0,66.82,897.64,1,False,False,False,True,False,False,False,True,False,False,False,False,False,True,False,False,False,True,False,True,False
1,0,0,0,18,1,1,48.44,945.69,0,False,True,True,False,False,True,False,False,False,True,False,False,False,True,False,True,False,True,False,True,False
1,0,0,0,62,1,1,89.54,5479.14,0,False,False,False,False,False,False,False,False,False,False,False,True,False,True,False,False,False,True,True,False,False
1,0,1,0,34,1,0,18.0,595.26,0,False,True,True,False,False,False,True,False,True,False,False,True,True,False,False,False,False,True,True,False,False
1,1,1,0,34,1,0,48.72,1621.67,0,False,True,False,False,False,True,False,True,False,False,False,True,False,False,False,False,False,True,False,False,False
0,0,0,0,18,1,1,50.21,845.8,0,False,False,True,False,False,False,True,False,False,False,False,False,False,True,False,True,False,False,True,False,False
0,0,1,0,19,1,1,18.0,328.0,0,False,True,True,False,True,False,False,True,True,False,False,False,False,False,True,False,True,False,False,False,False
1,0,0,1,34,1,1,109.6,3683.19,1,False,False,False,True,True,False,False,False,False,False,True,False,True,False,False,False,False,True,False,True,False
0,0,0,0,31,1,0,23.98,744.01,0,False,True,False,False,False,False,False,False,False,False,False,True,False,False,False,False,True,False,True,False,False
0,0,0,0,47,1,0,47.11,2215.53,1,False,False,True,False,False,False,False,True,False,False,True,False,False,True,False,False,False,True,False,True,False
0,1,1,1,43,1,0,92.0,3924.93,0,False,True,True,False,False,True,True,False,False,False,False,False,False,False,True,False,False,False,False,False,False
0,0,1,0,23,1,0,84.14,1916.69,0,False,False,True,False,True,False,False,False,False,False,True,False,False,False,False,True,False,False,False,True,False
1,0,0,1,60,1,1,31.51,1879.06,1,False,True,False,False,False,True,False,False,True,False,False,False,False,False,False,True,False,False,False,False,True
0,0,0,1,16,1,1,85.23,1404.17,0,False,True,True,False,True,False,False,False,False,False,False,False,False,False,False,False,False,False,False,False,False
0,0,1,0,70,1,0,73.45,5134.08,0,True,False,False,True,False,False,False,False,False,False,False,True,True,False,True,False,False,False,False,False,True
1,0,0,1,49,1,0,120.0,5921.24,0,False,True,False,True,False,False,False,False,False,True,False,True,True,False,False,True,True,False,False,True,False
1,0,1,0,64,0,1,76.88,4949.61,0,False,False,False,True,True,False,False,False,False,True,False,True,False,False,True,False,False,False,False,True,False
0,0,0,0,31,1,1,60.52,1904.7,0,True,False,False,True,False,True,False,True,False,False,False,False,False,False,False,False,True,False,False,False,True
0,1,1,1,35,1,0,39.06,1436.49,1,False,True,True,False,False,False,False,False,False,True,False,False,False,False,False,False,True,False,True,False,False
0,0,0,0,12,1,1,42.43,453.19,1,False,True,False,True,False,False,True,False,False,True,True,False,True,False,False,True,False,False,True,False,False
0,0,1,1,69,0,1,39.99,2735.65,0,False,False,False,False,False,True,False,True,False,False,False,False,False,True,False,True,False,False,False,False,True
0,0,1,0,57,1,0,105.89,6123.89,1,True,False,True,False,False,False,False,True,False,True,True,False,True,False,True,False,True,False,False,True,False
0,0,1,0,13,1,0,65.3,836.03,0,True,False,False,False,False,False,False,False,False,True,False,True,False,True,True,False,False,True,True,False,False
1,0,1,1,36,1,1,81.72,2801.16,1,False,False,True,False,False,False,False,False,False,False,False,True,False,False,False,False,False,True,False,True,False
0,0,0,1,67,1,0,110.19,7372.58,0,False,False,False,False,False,True,False,False,False,False,False,False,True,False,True,False,False,True,False,True,False
0,0,0,0,39,1,1,18.0,708.75,0,False,True,False,True,True,False,False,True,True,False,False,False,False,True,True,False,False,True,False,False,True
1,0,1,0,58,1,1,103.13,5850.68,0,True,False,False,False,False,True,False,False,False,False,False,False,False,False,False,False,True,False,True,False,False
1,0,1,1,15,1,1,66.42,1063.0,1,True,False,False,False,False,True,False,True,False,False,False,False,False,True,False,False,False,True,False,True,False
1,0,0,0,61,1,0,77.81,4710.72,0,False,True,True,False,False,True,False,False,True,False,False,True,False,False,False,False,False,True,False,True,False
1,0,0,0,3,1,0,39.91,136.16,1,False,True,False,False,False,True,False,False,True,False,False,False,False,True,False,False,False,True,False,False,True
0,1,0,0,44,1,0,42.11,1841.54,0,False,True,False,False,False,True,False,True,False,True,True,False,False,False,False,True,False,False,False,True,False
0,0,1,0,27,0,0,79.43,2080.19,0,False,True,False,False,True,False,False,False,False,True,False,True,False,False,False,False,False,True,False,False,True
0,0,1,0,65,1,1,120.0,7746.47,1,False,False,True,False,False,False,True,False,False,False,True,False,True,False,False,True,False,False,False,False,True
0,1,0,0,30,1,1,94.86,2799.05,0,False,True,True,False,False,True,False,False,False,False,True,False,True,False,True,False,False,True,False,False,True
0,0,1,0,2,1,1,102.73,259.74,0,False,True,False,True,False,True,True,False,True,False,False,True,False,True,True,False,False,False,False,True,False
0,1,0,0,7,1,1,59.0,405.62,1,False,True,True,False,False,False,False,False,False,False,False,False,False,False,False,True,False,False,False,True,False
1,0,1,1,23,0,0,46.75,1049.16,1,True,False,True,False,True,False,False,False,False,False,False,False,False,True,False,False,False,False,True,False,False
0,0,0,0,14,1,0,41.34,532.03,1,False,False,False,False,False,True,False,True,True,False,False,False,False,True,False,False,False,False,True,False,False
1,0,1,0,42,1,0,50.11,2164.43,1,False,True,False,False,False,True,False,True,False,False,False,False,False,True,False,False,False,False,False,True,False
1,0,0,0,30,1,1,18.0,613.21,0,False,True,True,False,False,True,False,True,False,True,False,False,True,False,False,True,False,True,False,True,False
0,0,0,0,72,1,1,43.01,3155.96,1,True,False,False,False,False,True,False,False,True,False,False,False,True,False,False,False,False,False,False,True,False
1,0,0,0,44,1,1,47.95,2134.42,0,False,False,False,False,False,True,True,False,False,True,False,True,False,True,False,True,False,False,False,False,False
0,0,1,0,65,1,1,59.5,3881.99,0,False,True,False,True,False,False,False,False,False,False,True,False,False,True,False,True,False,False,False,False,False
1,0,0,0,7,1,0,68.71,420.17,0,False,True,True,False,False,True,False,False,True,False,False,False,False,True,False,True,True,False,False,False,True
0,0,0,0,70,0,1,75.63,5281.81,1,False,True,False,False,False,False,False,False,False,False,False,False,False,False,False,True,False,False,False,False,False
1,1,0,1,56,0,1,64.31,3567.17,0,False,True,False,False,False,True,False,False,False,False,True,False,False,False,True,False,False,False,False,False,False
0,0,0,0,29,1,1,47.32,1281.0,0,False,False,False,True,True,False,False,False,False,False,False,False,False,True,True,False,False,False,True,False,False
0,0,0,0,17,1,1,18.0,358.85,0,True,False,False,True,True,False,False,False,False,False,False,True,False,False,False,False,True,False,False,True,False
0,0,0,1,68,1,1,47.5,3195.21,1,False,False,True,False,False,False,False,False,False,False,False,False,False,False,False,False,False,False,False,True,False
0,0,1,0,38,1,1,35.59,1412.22,1,False,False,True,False,False,False,False,True,False,False,False,False,True,False,False,True,False,False,False,True,False
0,1,0,0,59,1,1,78.74,4689.75,1,False,False,True,False,False,False,True,False,False,False,False,True,False,False,False,False,False,False,True,False,False
1,0,0,0,42,1,1,92.04,3893.52,0,False,False,False,True,False,False,False,True,False,False,True,False,False,False,False,True,False,True,True,False,False
1,0,1,1,44,1,1,92.92,4119.12,1,False,False,False,True,False,False,False,True,False,True,False,True,True,False,False,False,False,False,False,False,False
1,0,1,1,22,1,1,87.47,1893.57,1,False,True,False,False,False,False,True,False,False,False,False,False,True,False,True,False,True,False,False,True,False
0,0,1,0,68,1,1,60.75,4223.89,1,False,True,False,True,True,False,False,False,True,False,False,False,False,True,False,True,False,False,False,True,False
1,0,0,1,5,1,1,49.1,247.66,1,False,False,False,False,True,False,False,False,False,False,False,True,False,False,False,False,False,False,False,True,False
0,0,0,0,55,1,0,42.35,2344.35,0,False,True,False,False,False,False,False,False,False,False,True,False,True,False,False,True,False,False,False,False,True
0,0,0,0,3,1,0,19.54,26.17,1,False,True,True,False,False,False,False,False,False,False,True,False,False,True,False,False,False,False,False,True,False
1,0,0,1,22,1,0,94.52,2032.88,1,False,False,True,False,False,True,False,True,False,False,False,False,False,True,False,True,False,False,False,True,False
1,0,1,0,5,1,1,59.52,321.46,1,True,False,False,True,False,True,False,False,False,False,False,True,False,False,False,False,False,False,False,False,False
0,1,1,0,31,1,1,27.37,859.35,0,False,False,False,False,False,False,False,False,True,False,False,True,True,False,False,True,False,False,False,True,False
1,1,1,0,17,1,0,39.97,640.02,1,False,False,True,False,False,True,False,False,False,True,False,False,False,False,False,False,True,False,False,False,True
0,0,1,0,14,1,1,38.75,470.58,0,False,False,False,True,True,False,False,False,True,False,False,True,True,False,False,False,False,True,False,True,False
0,0,1,0,39,1,0,66.05,2512.45,0,False,False,False,True,False,True,True,False,False,True,False,False,False,False,False,False,False,False,True,False,False
0,0,1,0,72,1,1,96.78,7027.97,0,False,False,False,False,False,False,False,True,False,True,True,False,False,True,False,False,True,False,False,False,True
0,0,0,0,5,1,1,54.32,240.94,0,False,False,True,False,False,False,False,False,True,False,False,False,False,False,True,False,False,True,True,False,False
0,1,0,0,62,1,0,18.0,1099.05,0,False,True,True,False,False,False,False,False,False,True,True,False,False,False,False,False,False,True,False,False,True
1,0,0,0,66,1,1,59.08,3971.8,1,False,False,False,False,False,False,True,False,False,False,False,False,False,True,False,True,False,False,True,False,False
1,0,0,0,10,1,1,60.07,544.59,1,False,False,False,True,True,False,False,True,True,False,False,False,False,True,False,True,True,False,True,False,False
0,0,0,0,42,0,1,58.01,2400.07,0,False,True,False,True,False,False,False,False,True,False,True,False,False,True,True,False,False,False,False,False,False
0,0,1,0,16,0,1,45.94,696.6,0,False,True,False,False,False,False,True,False,True,False,False,False,False,False,False,False,False,False,True,False,False
1,0,0,1,3,1,1,71.28,294.74,1,False,True,False,False,False,True,False,True,False,False,True,False,True,False,False,False,False,False,False,True,False
1,0,0,0,62,1,1,66.74,4237.55,0,False,True,False,False,False,False,True,False,False,False,False,False,False,False,False,True,False,False,False,False,True
0,0,1,1,67,1,0,64.02,4326.92,1,False,False,False,True,True,False,False,True,False,True,False,True,True,False,False,False,False,False,False,True,False
1,0,1,0,40,1,0,77.14,3124.77,1,False,True,False,False,False,False,False,False,False,False,True,False,False,True,False,True,False,False,False,False,False
0,0,0,0,4,0,1,51.87,178.46,1,False,True,True,False,True,False,True,False,True,False,False,False,True,False,True,False,True,False,False,False,False
1,0,1,0,31,1,0,50.16,1652.33,1,False,False,True,False,False,False,False,False,False,False,True,False,True,False,True,False,False,False,False,False,False
0,0,0,0,69,1,0,106.16,7338.42,0,False,True,True,False,False,True,False,False,False,False,True,False,False,False,False,True,False,False,False,True,False
1,0,0,0,34,1,1,81.54,2815.02,0,False,False,False,False,False,True,False,True,False,False,False,True,True,False,False,False,False,False,False,False,True
0,0,1,0,21,0,0,89.57,1875.69,1,False,True,False,False,False,False,True,False,False,False,False,False,False,True,False,True,False,False,False,True,False
1,0,1,0,64,1,0,101.54,6485.16,1,True,False,False,True,False,False,False,False,True,False,False,False,True,False,False,False,True,False,False,False,False
1,0,1,0,21,1,0,80.54,1774.49,0,False,False,False,True,True,False,False,True,False,True,False,False,True,False,True,False,False,True,False,True,False
0,0,1,0,10,1,1,92.61,953.09,0,False,False,False,True,False,False,False,False,False,False,True,False,False,False,False,False,False,False,True,False,False
1,0,1,0,2,1,1,18.0,108.57,1,False,True,False,False,False,False,False,False,True,False,False,False,False,False,False,False,False,False,False,True,False
0,1,0,1,8,1,0,70.88,579.81,0,False,False,False,False,False,False,False,True,False,False,False,False,False,True,False,True,False,True,False,True,False
1,0,1,0,59,1,1,59.28,3455.1,1,False,True,True,False,False,False,False,True,False,True,False,False,False,False,True,False,False,False,True,False,False
0,0,0,0,13,0,0,115.09,1467.0,0,False,True,False,False,False,True,False,True,False,False,False,True,False,False,False,False,False,True,False,False,True
1,0,1,0,17,0,1,92.59,1579.18,1,False,True,False,True,False,True,False,False,False,False,True,False,True,False,False,False,False,False,False,True,False
0,0,0,1,72,1,0,45.85,3269.87,0,False,False,True,False,False,True,False,False,False,True,False,False,False,False,False,True,False,False,False,False,True
1,0,1,0,22,1,1,75.94,1615.31,0,False,False,False,False,False,True,False,False,True,False,True,False,True,False,False,False,False,False,False,True,False
0,0,1,1,46,1,1,69.79,3270.41,1,False,False,False,True,False,True,True,False,False,False,False,False,False,True,True,False,False,False,True,False,False
1,0,0,0,68,1,1,78.39,5303.28,0,False,True,False,True,False,True,True,False,True,False,False,True,True,False,False,False,False,False,False,False,False
0,0,0,0,46,1,0,34.19,1579.65,0,False,False,False,False,False,False,False,False,True,False,False,False,True,False,False,False,False,True,False,True,False
0,0,1,0,29,1,0,75.56,2206.05,0,False,False,True,False,False,False,False,True,False,False,False,True,True,False,False,False,True,False,False,False,True
0,0,0,1,24,1,1,57.92,1360.67,0,False,False,False,False,True,False,False,False,False,True,True,False,False,True,False,False,True,False,False,True,False
1,0,1,0,27,1,0,73.23,2049.75,0,False,False,True,False,False,True,False,False,False,False,False,True,False,True,False,False,False,True,True,False,False
0,0,0,0,24,1,1,43.03,976.86,1,False,True,False,False,False,False,False,False,False,True,False,False,False,True,False,True,False,False,True,False,False
1,0,1,0,57,1,1,47.21,2704.05,0,False,False,True,False,False,False,False,False,True,False,False,False,False,False,False,False,True,False,True,False,False
0,0,1,0,40,1,1,99.98,4011.51,1,False,False,False,True,False,True,False,False,False,True,False,False,False,False,False,False,False,False,False,False,True
1,0,0,1,24,1,1,33.21,794.33,0,False,True,True,False,True,False,True,False,False,True,False,True,True,False,False,False,False,True,False,True,False
0,0,0,0,47,1,1,35.43,1600.36,0,False,True,False,False,False,True,False,True,False,False,False,False,False,False,True,False,False,False,False,True,False
1,0,1,0,9,1,1,63.21,612.43,1,False,False,True,False,True,False,False,False,False,True,False,False,False,False,False,False,True,False,False,False,False
1,0,0,0,10,1,0,41.6,453.18,0,False,False,True,False,True,False,False,True,False,True,False,False,False,False,False,True,False,True,False,False,True
0,0,0,1,20,1,0,38.21,730.42,1,False,True,False,True,False,False,True,False,False,False,True,False,True,False,True,False,False,False,False,False,True
1,0,1,0,44,1,0,67.91,3023.41,0,False,True,True,False,False,False,False,True,False,True,False,False,True,False,False,False,False,False,True,False,False
1,0,0,0,6,1,1,19.61,136.41,1,False,False,False,False,False,False,False,True,False,True,False,False,True,False,False,False,False,False,False,True,False
0,0,1,0,63,1,0,34.52,2110.73,0,False,False,False,False,False,False,False,False,False,False,False,False,False,False,False,False,False,False,False,True,False
1,0,0,1,63,1,0,120.0,7517.3,0,False,False,True,False,False,False,False,False,False,False,False,True,False,False,False,False,True,False,False,True,False
1,0,0,0,1,1,1,78.54,135.45,0,False,False,False,False,False,True,False,True,False,False,True,False,True,False,False,True,False,True,False,True,False
1,1,0,1,41,1,0,42.36,1752.23,0,False,True,True,False,False,True,False,False,False,False,False,False,False,False,False,False,False,False,False,True,False
0,0,1,0,53,1,1,77.31,4069.21,1,False,False,False,False,False,False,False,False,False,False,False,True,False,True,True,False,False,False,False,False,True
1,1,1,1,15,1,1,81.78,1183.78,0,False,True,False,False,False,False,False,True,False,False,False,False,False,True,False,False,True,False,False,True,False
0,0,1,0,17,1,1,94.59,1582.26,1,True,False,True,False,True,False,False,False,True,False,False,False,False,True,False,False,False,False,False,True,False
1,0,1,0,58,1,1,60.95,3512.88,1,False,False,False,True,False,True,True,False,False,True,False,False,False,False,False,True,False,False,False,False,False
1,0,1,0,15,1,0,94.05,1368.45,0,False,False,False,True,True,False,False,False,False,False,False,False,False,True,False,True,False,True,False,True,False
1,1,0,1,5,1,1,18.0,2.91,1,False,False,False,False,False,True,False,False,True,False,False,True,False,True,False,False,True,False,False,False,False
0,0,1,0,56,1,1,33.07,1908.92,1,True,False,True,False,False,False,False,False,True,False,False,False,False,True,False,False,False,False,False,False,True
1,0,1,0,46,1,0,69.68,3253.81,0,False,False,False,False,False,False,False,False,False,True,True,False,False,False,True,False,False,False,False,False,True
1,0,0,0,47,1,0,74.65,3444.89,0,False,False,True,False,False,False,False,True,False,False,False,True,False,False,True,False,True,False,True,False,False
0,0,1,0,41,1,0,37.41,1540.63,0,False,False,True,False,False,True,False,True,False,False,True,False,False,False,False,False,False,True,False,True,False
1,1,0,1,59,1,1,72.54,4234.75,0,False,False,False,True,False,False,True,False,False,True,False,True,False,True,False,False,False,True,False,False,True
0,0,1,0,3,1,1,46.04,125.04,1,False,False,False,True,True,False,True,False,True,False,True,False,False,True,False,True,False,False,True,False,False
0,0,0,1,1,1,0,56.45,39.21,1,False,True,True,False,False,False,False,False,False,False,False,False,False,False,True,False,False,True,False,False,False
1,0,1,0,58,1,1,95.5,5517.61,1,False,False,True,False,False,False,False,True,False,False,False,False,False,False,False,False,True,False,False,True,False
0,1,1,1,26,1,1,92.03,2492.93,0,False,True,False,True,True,False,False,True,False,True,False,True,False,True,False,True,True,False,False,False,True
1,1,0,0,26,1,1,34.85,884.08,0,True,False,False,True,False,False,False,False,False,False,False,True,False,True,False,False,True,False,False,False,False
0,0,1,0,71,1,1,33.04,2305.43,0,False,True,False,False,False,False,False,False,False,False,False,True,True,False,True,False,False,False,True,False,False
0,0,0,0,6,1,1,52.42,276.39,0,True,False,False,False,False,True,False,True,True,False,False,True,False,False,True,False,False,True,False,True,False
1,1,1,0,62,0,1,63.96,4017.71,1,False,False,True,False,True,False,True,False,False,True,False,False,False,True,False,True,False,False,False,True,False
0,0,1,0,45,1,1,45.02,1943.29,0,False,False,False,False,False,False,False,False,False,True,False,False,False,True,True,False,False,False,False,True,False
0,0,0,0,62,1,1,95.98,5912.63,0,False,False,False,False,False,True,True,False,False,False,False,False,True,False,False,True,False,True,False,True,False
0,1,1,1,11,1,1,75.18,899.32,0,False,True,False,False,False,True,True,False,False,True,True,False,False,False,False,True,True,False,False,True,False
0,0,0,0,12,1,1,76.94,935.48,0,False,True,True,False,True,False,False,False,False,False,False,False,False,False,True,False,False,True,False,True,False
0,0,0,1,42,0,0,26.76,1133.52,0,False,True,False,False,False,True,False,False,True,False,False,False,False,False,True,False,False,False,False,True,False
1,0,0,0,16,1,0,99.78,1703.09,0,False,False,False,False,True,False,False,False,False,False,False,False,False,False,False,False,False,False,False,True,False
0,1,0,0,62,0,1,18.0,1128.32,0,False,False,False,False,False,True,False,False,True,False,False,False,False,False,False,False,False,True,True,False,False
1,1,1,0,35,1,1,89.78,3106.89,0,False,False,False,True,True,False,False,False,False,True,False,False,False,False,True,False,False,False,False,True,False
0,1,1,1,7,1,1,92.79,635.43,0,False,True,False,True,False,False,False,False,False,True,True,False,False,False,True,False,False,True,False,True,False
1,0,1,0,68,1,1,51.79,3464.95,0,False,True,True,False,False,False,True,False,False,True,False,True,False,True,True,False,False,False,False,True,False
1,1,0,0,35,1,1,102.95,3666.05,1,False,True,True,False,True,False,False,False,False,False,False,True,True,False,False,False,False,True,True,False,False
0,1,0,0,27,1,1,62.87,1726.22,1,True,False,False,True,False,False,False,False,True,False,False,False,False,False,True,False,False,False,False,False,False
0,0,1,0,46,1,0,66.63,3121.2,1,False,False,False,False,False,False,True,False,False,True,False,True,False,True,True,False,True,False,False,False,False
0,0,0,0,29,1,0,74.95,2234.2,0,False,True,False,False,False,True,False,True,False,False,True,False,True,False,False,True,False,True,False,True,False
1,0,1,1,22,1,1,120.0,2619.29,0,False,False,False,False,False,True,False,True,False,False,True,False,True,False,True,False,False,False,True,False,False
0,0,0,0,15,0,1,105.09,1529.11,0,False,True,False,False,False,True,False,False,True,False,False,True,True,False,False,False,True,False,False,False,True
1,0,1,0,13,1,0,85.79,1112.68,0,True,False,True,False,False,False,False,False,False,True,False,True,True,False,False,False,False,True,False,True,False
1,0,0,1,70,1,1,37.38,2572.96,0,False,False,False,True,False,True,True,False,False,True,False,False,True,False,False,False,True,False,False,False,False
1,0,0,1,51,1,0,69.07,3530.82,0,False,True,True,False,False,True,False,False,False,True,False,False,False,True,False,True,False,True,True,False,False
0,0,1,1,36,1,1,40.37,1509.92,0,False,False,True,False,False,False,False,False,False,False,False,True,True,False,False,False,False,False,False,False,False
0,0,1,0,28,0,0,89.42,2495.35,1,False,True,False,True,False,False,False,False,False,True,False,False,True,False,True,False,False,False,True,False,False
1,0,1,0,66,1,0,68.97,4559.52,0,True,False,False,False,False,False,False,True,True,False,False,False,False,True,False,True,False,False,True,False,False
1,0,1,1,14,1,0,31.02,429.59,0,False,True,False,False,False,True,False,False,False,False,False,False,False,True,False,False,False,False,False,True,False
0,0,1,0,46,1,1,67.19,3130.88,0,False,False,True,False,False,True,True,False,False,False,False,True,True,False,True,False,False,False,False,False,True
1,0,0,1,45,1,1,39.28,1734.21,0,False,True,True,False,True,False,False,True,False,False,False,False,False,True,False,False,True,False,False,True,False
0,0,0,0,51,1,1,69.3,3424.48,0,False,False,False,False,False,True,False,False,False,True,False,True,True,False,False,False,False,False,True,False,False
1,0,0,1,18,1,0,38.99,725.36,0,False,False,True,False,True,False,False,False,False,False,True,False,False,True,False,False,False,False,False,True,False
0,0,1,0,20,1,1,65.58,1360.99,0,False,False,True,False,True,False,False,True,True,False,False,False,False,True,False,False,False,False,True,False,False
1,1,0,0,63,1,1,87.27,5520.33,1,False,False,True,False,False,False,False,True,True,False,False,False,False,False,False,False,False,True,False,True,False
0,0,0,0,36,0,1,63.17,2242.11,1,False,False,True,False,False,True,True,False,True,False,True,False,False,True,True,False,True,False,False,False,True
1,0,1,0,26,1,1,53.03,1322.03,0,False,True,False,False,True,False,False,False,True,False,True,False,False,False,False,False,False,False,False,True,False
0,0,0,0,54,1,1,70.86,3851.16,0,False,True,False,False,False,False,False,True,False,True,False,False,False,False,True,False,False,True,False,True,False
0,1,0,0,28,0,1,85.68,2406.11,1,False,True,True,False,False,False,False,True,False,True,False,True,False,True,False,False,False,False,True,False,False
1,0,1,1,19,1,1,31.54,592.97,0,True,False,False,False,False,False,False,False,False,True,False,False,False,True,False,False,False,True,False,True,False
1,1,1,1,24,1,1,72.58,1833.04,0,False,True,False,True,False,True,False,False,False,False,False,False,False,False,False,False,True,False,False,False,True
0,0,0,0,69,1,0,104.29,7148.67,0,False,False,True,False,False,True,False,False,False,True,False,True,False,True,False,False,False,False,False,True,False
1,1,1,1,62,0,0,81.97,5170.89,1,False,False,False,False,False,False,False,True,False,False,True,False,True,False,False,False,True,False,False,False,True
0,0,0,1,35,1,0,66.49,2328.74,0,False,True,True,False,False,False,True,False,False,False,False,True,False,False,False,True,False,True,False,True,False
1,1,0,0,1,1,1,83.95,0.0,1,False,True,True,False,False,False,False,False,True,False,False,True,False,True,False,True,False,False,False,True,False
0,0,0,0,21,1,0,78.33,1635.97,0,False,True,False,False,False,False,False,False,False,False,False,True,False,False,False,True,False,True,True,False,False
0,0,1,0,15,1,1,87.37,1358.52,1,False,True,False,True,False,False,False,False,True,False,False,False,False,True,False,True,False,False,False,False,True
0,0,1,1,17,1,1,18.0,287.75,0,False,True,False,True,False,False,False,False,False,True,False,False,False,True,False,False,False,False,False,True,False
0,0,0,1,68,1,1,18.16,1161.14,0,False,True,True,False,True,False,True,False,False,True,False,False,False,True,False,True,False,False,False,False,False
0,0,0,0,53,1,1,94.9,5021.47,0,False,False,False,False,False,True,True,False,False,False,False,False,True,False,False,False,False,False,False,True,False
0,1,1,1,29,1,1,19.6,525.54,1,True,False,True,False,False,False,False,False,False,True,False,False,True,False,False,True,False,False,False,True,False
1,1,0,1,44,0,0,76.81,3404.23,0,False,True,True,False,False,True,True,False,False,True,False,False,True,False,False,False,False,True,False,False,True
1,0,0,0,18,1,1,54.2,1014.27,0,False,True,False,False,False,False,True,False,False,False,False,True,False,False,False,False,False,False,False,True,False
1,0,1,0,33,1,1,34.87,1097.9,0,False,True,False,False,False,False,True,False,False,True,True,False,False,True,False,True,False,False,False,False,False
0,0,1,0,12,1,1,75.25,867.71,0,False,False,False,True,True,False,False,True,False,False,False,True,False,False,True,False,False,False,False,False,True
0,0,0,1,42,1,1,70.79,3011.01,0,False,False,False,False,False,True,False,False,False,False,True,False,False,False,False,True,False,True,False,False,False
0,0,1,1,61,1,1,120.0,7277.06,0,False,True,True,False,True,False,False,True,False,False,False,True,True,False,False,False,False,True,True,False,False
0,0,1,0,21,1,1,46.02,912.31,1,False,True,True,False,False,True,True,False,False,False,False,False,False,True,True,False,True,False,False,True,False
1,0,1,1,51,1,0,107.96,5447.03,1,False,False,True,False,False,False,False,True,False,False,False,True,False,True,False,False,False,True,False,True,False
1,0,1,0,51,1,1,75.33,3859.43,0,False,False,False,False,False,True,False,False,False,True,False,True,False,False,False,True,False,True,False,True,False
0,0,0,0,35,1,0,44.93,1588.01,0,False,True,False,True,True,False,False,False,False,True,True,False,True,False,False,False,False,True,False,True,False
1,0,0,0,72,1,0,88.74,6355.08,0,False,False,True,False,False,False,False,False,False,False,True,False,True,False,False,False,True,False,True,False,False
1,0,1,0,18,1,0,81.73,1471.39,0,False,True,True,False,False,False,False,False,False,False,False,False,False,False,True,False,False,False,False,False,False
0,0,0,1,37,1,0,65.84,2512.44,0,False,True,True,False,True,False,True,False,False,False,False,False,True,False,True,False,False,False,False,False,True
1,1,0,0,69,1,0,72.75,4971.05,0,False,False,True,False,False,True,False,False,False,False,False,False,False,False,False,False,True,False,False,False,True
0,0,0,0,56,1,1,46.85,2526.01,0,False,False,False,True,False,True,True,False,False,True,True,False,True,False,True,False,False,False,False,True,False
1,0,1,0,19,1,1,39.99,782.56,0,False,True,True,False,True,False,False,True,False,False,False,False,True,False,False,True,False,False,False,False,True
0,0,1,1,8,1,0,87.54,694.8,0,True,False,True,False,False,False,False,False,False,False,False,False,True,False,False,True,True,False,True,False,False
0,0,0,1,31,1,0,58.04,1763.74,0,False,True,False,True,False,True,False,False,False,False,False,False,False,False,True,False,False,True,False,False,False
0,1,0,0,3,1,1,62.36,219.68,1,False,False,True,False,False,False,False,True,False,False,False,False,False,True,False,True,False,False,False,True,False
0,0,1,0,49,1,1,73.15,3626.31,0,False,False,False,False,False,False,False,False,False,False,True,False,False,False,False,True,False,True,False,False,False
1,0,1,0,4,1,0,72.72,180.47,0,False,False,False,False,False,True,False,False,False,False,False,True,False,False,False,True,True,False,False,False,True
0,0,1,1,19,0,1,21.88,383.09,0,True,False,False,True,False,True,False,False,False,False,False,True,True,False,False,False,False,True,False,False,True
0,1,0,0,36,1,1,103.35,3836.48,0,False,True,True,False,False,True,False,False,False,True,False,False,False,True,False,False,False,True,False,False,True
0,1,0,0,21,0,1,68.4,1465.57,0,True,False,True,False,False,False,False,False,False,False,False,False,False,True,False,False,False,True,False,False,True
1,0,0,0,57,1,0,58.68,3378.57,1,False,False,True,False,True,False,False,True,False,True,False,True,False,False,False,True,False,False,False,False,False
0,0,1,0,67,1,0,77.69,5263.87,0,False,False,False,False,True,False,False,True,False,True,False,False,False,True,False,False,False,False,True,False,False
1,0,0,1,43,1,1,71.86,3090.83,1,False,True,True,False,False,False,False,False,True,False,True,False,False,False,True,False,False,False,False,True,False
0,1,0,0,33,1,1,87.77,2936.24,0,False,False,False,False,False,True,False,True,True,False,False,True,False,False,True,False,False,True,True,False,False
1,0,1,1,41,1,1,80.9,3352.8,1,False,False,True,False,True,False,False,True,False,True,False,False,False,False,False,False,False,True,False,False,True
1,1,0,0,8,1,1,86.3,717.35,1,False,True,True,False,False,False,False,False,False,False,False,False,False,True,True,False,False,True,False,False,False
0,0,0,0,6,1,1,105.29,615.64,1,True,False,True,False,False,True,False,False,False,True,False,False,True,False,False,False,False,False,True,False,False
1,0,1,0,67,1,1,91.27,6123.69,1,False,True,True,False,True,False,False,False,False,False,True,False,False,False,False,True,True,False,False,False,True
0,0,0,0,18,1,1,59.95,1049.68,0,False,True,False,True,False,False,False,False,True,False,False,False,True,False,False,True,False,False,True,False,False
0,0,1,1,30,1,0,31.07,932.74,1,False,False,True,False,False,False,False,False,True,False,False,False,False,False,False,True,False,False,False,True,False
0,0,0,0,34,1,0,114.79,3844.44,1,False,False,False,False,False,False,False,False,False,False,False,False,False,True,False,False,False,False,False,True,False
1,0,0,0,56,0,1,57.63,3187.75,1,False,False,False,False,False,True,False,False,False,False,False,False,False,True,False,True,False,False,False,False,False
1,0,0,1,60,1,1,50.57,3020.08,1,False,True,True,False,False,True,False,False,False,False,False,False,False,True,False,False,False,True,True,False,False
0,0,0,1,30,1,0,18.0,492.81,1,True,False,False,True,False,False,False,False,False,False,True,False,False,False,False,True,False,False,True,False,False
0,0,1,0,52,1,1,74.91,3870.07,0,False,True,False,True,False,True,False,False,True,False,False,False,False,True,True,False,False,False,False,False,False
1,0,0,1,31,1,0,69.23,2137.93,0,False,True,False,True,False,False,False,True,True,False,False,False,False,False,False,False,False,True,False,False,True
0,1,0,0,65,1,1,19.31,1275.26,0,False,True,False,False,True,False,False,False,False,False,False,True,False,False,True,False,False,False,False,True,False
0,1,1,0,58,1,0,78.36,4592.34,1,False,False,True,False,True,False,False,False,False,False,False,True,False,True,True,False,False,False,True,False,False
0,1,0,0,9,1,0,49.81,425.1,0,True,False,True,False,False,False,True,False,False,False,False,True,False,True,False,True,False,False,False,True,False
1,1,0,1,1,1,0,120.0,186.76,1,False,False,False,False,True,False,True,False,False,True,True,False,False,False,False,False,False,False,False,False,False
1,0,1,0,65,1,0,47.68,3146.13,0,False,False,False,False,True,False,False,False,True,False,False,False,True,False,False,True,False,False,False,False,True
1,0,0,0,59,0,0,51.7,3075.5,0,False,True,False,True,False,False,False,True,False,False,False,False,False,True,True,False,False,False,False,False,False
0,0,0,1,16,1,1,38.52,624.0,0,False,False,False,False,False,True,False,True,False,False,False,False,False,True,False,False,True,False,False,False,True
0,0,1,0,15,1,1,103.1,1562.46,1,False,False,False,False,False,True,False,False,False,False,True,False,True,False,False,True,False,False,True,False,False
0,0,0,0,15,1,1,53.58,863.05,0,False,False,False,False,False,False,False,False,True,False,False,False,False,True,False,True,False,False,False,False,False
1,0,1,0,45,1,0,43.01,1996.63,0,False,True,False,True,False,True,False,True,False,True,True,False,True,False,False,False,False,True,True,False,False
0,0,1,1,38,1,0,85.97,3333.61,1,False,False,True,False,False,True,False,False,True,False,False,False,False,True,True,False,False,False,False,True,False
0,0,1,0,30,1,1,23.35,702.57,0,False,False,True,False,False,True,False,True,True,False,True,False,True,False,False,False,False,True,False,False,False
0,0,0,1,0,1,1,83.51,27.75,0,False,False,False,True,False,False,True,False,True,False,False,False,False,False,True,False,False,False,False,False,False
0,0,0,1,10,1,0,118.2,1249.18,0,False,False,True,False,True,False,False,True,False,False,False,True,True,False,False,False,False,False,False,False,False
1,0,1,0,3,1,1,81.76,214.09,0,False,True,True,False,False,True,True,False,False,True,False,False,False,False,False,True,True,False,True,False,False
1,0,1,0,70,1,1,83.9,5857.08,0,False,False,False,False,False,False,True,False,False,False,False,False,False,False,True,False,False,False,False,True,False
0,1,0,1,25,1,0,90.86,2272.3,1,False,True,False,False,False,False,False,False,False,False,False,True,False,True,False,True,False,False,False,True,False
1,0,1,1,49,1,1,116.05,5731.43,1,False,False,False,True,False,True,False,False,False,True,False,False,False,True,True,False,True,False,False,False,True
1,0,0,1,11,1,1,101.06,1157.42,1,False,False,True,False,True,False,False,False,False,False,False,False,False,False,False,False,False,False,False,True,False
0,1,0,1,64,1,1,77.95,4977.26,0,False,True,True,False,False,False,False,False,False,False,False,True,False,False,False,True,False,True,True,False,False
0,1,0,1,46,1,1,91.88,1916.69,1,True,False,True,False,False,False,False,False,True,False,True,False,True,False,False,False,False,True,False,True,False
1,1,0,1,52,1,1,38.18,1997.67,0,False,False,True,False,False,False,False,False,False,True,False,False,False,False,True,False,False,False,False,False,True
0,0,1,0,70,1,1,88.05,6117.58,0,False,True,False,False,False,True,False,False,False,False,True,False,True,False,True,False,True,False,False,True,False
1,0,0,0,1,1,1,34.59,0.0,1,False,False,False,False,False,False,False,False,False,False,False,False,False,False,False,True,False,False,False,False,True
0,0,0,0,23,1,1,53.75,1173.06,0,False,True,False,False,False,True,False,False,False,False,False,False,True,False,False,True,False,True,False,False,True
1,0,0,0,3,1,1,18.0,70.32,1,False,False,False,False,True,False,False,True,True,False,False,False,True,False,False,False,False,True,False,True,False
0,0,1,1,18,1,1,76.8,1450.45,0,False,False,False,True,False,False,False,False,False,False,False,False,False,False,False,False,False,True,False,True,False
1,0,0,0,25,1,0,45.44,1137.94,0,True,False,False,False,False,False,False,True,True,False,True,False,True,False,False,False,False,False,False,False,True
1,0,1,0,39,1,1,98.09,3836.08,0,False,False,False,False,False,True,False,True,False,False,False,True,True,False,False,True,False,True,True,False,False
1,0,1,0,49,1,0,76.47,3806.17,1,False,False,True,False,False,False,False,True,False,False,True,False,False,True,True,False,False,False,False,True,False
0,0,1,0,42,1,0,98.48,4058.94,1,False,False,False,True,False,False,False,True,False,True,True,False,False,False,False,False,False,False,False,False,True
1,0,0,0,66,1,1,32.25,2154.51,0,False,True,False,False,False,False,False,True,False,True,False,False,False,True,True,False,False,True,True,False,False
1,0,0,0,11,1,0,95.91,1054.43,1,False,False,False,False,False,False,True,False,False,True,True,False,True,False,False,False,False,False,True,False,False
0,0,0,1,66,1,1,120.0,7948.3,1,False,False,True,False,False,False,False,True,False,True,False,False,False,True,False,False,False,True,True,False,False
0,0,0,0,26,1,0,87.68,2255.51,1,False,True,True,False,True,False,False,False,False,True,True,False,False,True,True,False,False,False,True,False,False
1,1,1,0,53,1,1,88.47,4648.01,1,False,True,True,False,False,False,False,True,False,True,False,False,False,False,False,False,False,True,False,False,True
1,0,0,0,65,1,0,69.85,4547.28,0,False,False,False,True,True,False,True,False,False,True,False,True,False,False,True,False,False,False,False,False,False
0,0,1,0,48,0,1,49.02,2435.42,0,False,False,False,True,True,False,False,False,True,False,True,False,True,False,True,False,False,False,False,True,False
0,0,0,1,15,1,0,87.6,1357.05,1,False,True,False,True,False,False,False,False,False,True,False,False,True,False,False,False,False,False,False,False,True
0,0,0,0,1,0,1,19.58,0.0,0,False,True,True,False,False,True,False,False,False,False,False,False,False,False,False,False,True,False,True,False,False
0,0,0,0,59,1,0,52.23,3014.52,0,False,True,True,False,False,False,False,False,False,True,False,False,False,True,False,True,False,False,False,False,True
0,0,0,0,53,1,1,18.0,869.9,0,False,False,False,False,True,False,False,False,True,False,False,True,False,False,False,True,True,False,False,False,False
1,0,1,0,29,1,0,43.65,1331.65,1,False,True,False,True,False,True,False,True,True,False,False,False,False,False,False,True,False,False,False,False,False
0,0,1,1,37,1,1,84.02,3060.99,1,False,False,True,False,False,False,True,False,False,False,True,False,False,False,False,True,False,False,False,True,False
1,1,0,0,27,1,1,79.92,2141.56,0,False,True,False,False,True,False,False,False,False,False,False,True,False,False,False,True,False,False,True,False,False
1,0,1,0,24,1,0,66.29,1657.02,1,False,False,True,False,False,False,False,False,False,True,False,True,False,False,False,False,False,False,False,False,True
1,0,1,0,9,1,0,69.87,548.13,0,False,True,False,False,False,False,False,False,True,False,False,True,False,False,False,False,False,True,False,True,False
0,1,0,0,59,1,1,18.0,1136.61,0,False,False,True,False,False,True,False,False,True,False,False,False,False,False,False,False,False,True,True,False,False
1,1,0,0,41,1,0,53.58,2184.1,1,False,True,True,False,False,True,True,False,True,False,False,False,False,False,False,True,False,False,False,False,True
1,0,1,0,39,1,0,44.32,1671.05,1,False,False,True,False,True,False,False,False,False,False,True,False,True,False,False,True,True,False,False,False,False
0,0,1,1,41,1,0,44.99,1832.22,0,False,True,False,True,False,True,False,False,False,False,True,False,False,False,False,False,False,True,False,False,True
1,0,0,0,46,1,1,82.75,3770.37,1,False,False,False,False,False,True,False,True,True,False,False,False,False,True,False,False,False,False,False,False,True
1,0,0,0,36,0,1,38.94,1423.88,0,False,False,True,False,True,False,True,False,False,False,False,True,True,False,False,False,False,False,True,False,False
0,0,1,0,21,1,0,46.62,946.61,1,False,True,True,False,False,False,False,False,False,False,True,False,False,False,False,False,False,False,False,False,False
1,0,1,0,56,0,1,18.0,912.42,1,False,False,True,False,True,False,False,True,False,True,False,False,False,True,True,False,False,False,False,False,True
1,0,1,0,26,1,1,55.94,1443.41,1,False,False,False,True,True,False,False,True,True,False,False,False,False,False,False,False,False,False,False,True,False
1,1,1,1,40,1,1,32.12,1216.97,1,False,True,True,False,False,True,False,False,False,True,False,False,False,False,False,False,False,False,True,False,False
0,1,1,0,33,1,1,67.14,2225.84,1,False,False,True,False,False,True,True,False,False,True,True,False,True,False,True,False,True,False,False,True,False
0,0,0,1,31,1,0,36.23,1063.77,0,False,True,False,False,False,False,False,True,False,False,False,False,False,False,True,False,False,False,True,False,False
0,0,0,0,65,1,0,67.9,4389.1,1,False,False,False,True,False,False,False,False,False,False,False,False,False,False,False,False,False,False,False,False,True
1,0,0,1,11,1,1,60.42,673.75,1,False,False,True,False,False,True,False,True,False,False,False,False,False,True,False,False,False,False,False,False,False
1,0,1,0,39,1,1,114.92,4471.26,0,False,True,True,False,False,False,False,False,False,True,False,True,False,False,False,True,False,False,True,False,False
0,0,0,0,72,1,1,79.68,5749.48,0,False,False,False,False,False,True,False,False,False,True,False,False,True,False,False,False,False,False,False,True,False
1,0,1,1,72,1,1,18.0,1330.01,0,False,False,False,False,True,False,True,False,False,False,False,False,True,False,True,False,False,True,False,False,True
1,0,0,0,9,1,1,26.81,183.39,1,True,False,True,False,False,True,False,False,True,False,False,True,False,True,False,False,False,False,False,False,False
0,0,0,0,47,1,0,66.42,3118.52,0,False,False,False,True,False,True,True,False,True,False,False,True,False,True,True,False,True,False,False,False,False
0,0,1,1,19,1,0,36.86,533.86,0,True,False,True,False,False,True,False,False,False,False,False,True,False,False,False,False,False,False,False,False,True
1,0,0,0,38,1,1,18.0,696.37,0,False,False,False,True,True,False,False,True,True,False,False,False,False,False,True,False,True,False,False,False,False
1,0,1,0,59,1,0,105.25,6194.71,0,False,True,True,False,False,False,False,False,False,False,True,False,False,False,False,False,True,False,False,False,False
1,0,0,0,65,1,1,86.37,5564.88,0,False,False,True,False,True,False,False,False,False,False,True,False,False,False,False,True,False,False,True,False,False
0,1,1,1,64,1,0,80.39,5160.75,1,False,False,False,False,False,False,True,False,False,False,False,False,False,False,False,False,False,True,False,False,False
0,0,1,1,50,1,1,46.54,2385.63,0,False,False,False,True,False,False,True,False,False,False,False,False,True,False,False,True,False,False,False,False,True
0,0,0,1,35,1,0,77.59,2691.85,0,False,False,False,False,False,True,False,True,False,False,True,False,False,False,False,True,False,True,True,False,False
0,0,1,1,23,1,1,43.63,956.25,0,False,False,False,True,False,False,False,True,False,False,False,True,False,True,True,False,False,False,False,False,True
1,0,0,1,26,1,1,70.91,1851.91,0,False,False,False,True,False,False,False,True,False,False,False,False,False,False,False,True,False,True,False,True,False
0,0,1,0,1,0,1,37.14,0.0,0,False,True,False,True,False,False,True,False,False,True,False,False,True,False,True,False,False,True,False,False,True
0,0,0,0,30,0,1,110.25,3274.48,1,False,True,True,False,False,True,True,False,False,True,False,True,True,False,False,True,False,True,False,True,False
0,0,0,0,56,1,1,18.0,1069.12,1,False,False,True,False,True,False,False,False,False,False,True,False,False,False,False,True,False,False,False,True,False
0,0,0,0,65,1,1,101.73,6615.56,1,False,False,True,False,False,True,False,False,False,True,True,False,False,False,True,False,False,False,False,True,False
0,1,1,1,28,1,1,65.93,1752.07,1,False,True,False,False,True,False,False,False,False,True,False,True,True,False,False,False,True,False,False,True,False
1,0,1,1,14,1,0,50.08,611.27,0,False,False,True,False,False,True,False,False,False,False,False,True,False,False,False,False,False,True,False,False,False
1,0,1,0,11,1,1,69.77,775.57,0,False,False,False,False,False,False,False,True,False,False,False,True,False,False,False,False,False,True,False,True,False
0,1,1,1,27,1,0,86.76,2385.64,1,False,True,True,False,False,False,False,False,False,False,False,False,True,False,False,False,False,False,False,True,False
1,0,0,0,23,0,1,105.76,2351.6,0,False,True,False,False,False,False,False,True,False,False,False,False,True,False,True,False,False,True,False,True,False
0,1,0,0,20,1,0,74.15,1505.49,1,False,True,False,False,False,False,False,True,True,False,False,False,False,False,False,False,False,False,False,True,False
0,0,0,0,9,1,0,38.04,408.88,1,True,False,True,False,False,False,True,False,True,False,False,True,False,False,False,False,False,False,False,True,False
1,0,0,0,17,1,1,66.43,1223.7,1,False,True,True,False,False,False,False,False,True,False,True,False,False,False,True,False,False,False,False,False,False
1,0,0,0,13,1,0,119.26,1566.94,0,False,True,True,False,False,False,False,False,False,False,False,False,False,True,False,True,False,False,True,False,False
0,0,0,0,33,1,1,105.19,3496.61,0,False,False,False,False,False,False,False,False,False,False,False,True,True,False,False,False,False,True,True,False,False
0,0,1,0,57,0,0,92.02,5138.48,0,False,True,True,False,True,False,False,False,True,False,False,False,False,False,True,False,False,False,True,False,False
0,0,0,0,21,1,1,88.63,1966.22,1,False,True,False,False,False,True,False,False,False,True,False,False,True,False,False,False,True,False,False,True,False
1,0,0,0,69,1,1,85.74,5887.29,1,False,True,True,False,False,False,True,False,False,True,False,False,False,True,True,False,True,False,False,True,False
0,0,0,0,35,1,1,99.52,3436.53,0,False,False,True,False,False,False,False,False,False,False,False,True,False,False,False,False,False,False,False,True,False
0,0,1,0,44,1,1,51.06,2233.88,0,False,False,True,False,False,False,False,False,False,True,False,True,False,True,True,False,False,False,False,False,False
0,1,1,0,35,1,1,24.11,919.43,1,False,True,True,False,False,False,False,True,True,False,True,False,False,False,True,False,True,False,False,True,False
1,1,1,0,21,1,0,66.83,1513.83,1,False,False,False,False,False,False,False,False,False,False,True,False,False,False,False,True,False,False,False,False,True
0,1,0,0,60,1,1,40.23,2420.07,0,True,False,True,False,False,True,False,False,False,False,False,False,False,False,False,True,False,True,False,True,False
0,0,0,1,55,1,1,33.11,1870.95,0,False,True,True,False,False,True,False,False,False,False,False,False,False,True,False,False,False,True,False,True,False
1,0,1,0,32,1,1,43.15,1382.96,0,False,True,True,False,False,True,False,False,False,False,False,False,False,True,False,False,False,False,True,False,False
0,0,0,0,44,1,1,120.0,5228.11,1,False,True,True,False,False,False,False,False,False,True,False,False,False,True,False,True,False,False,False,False,False
0,0,1,0,35,1,1,68.84,2483.24,0,False,False,False,False,False,False,False,True,False,False,False,False,False,True,False,True,False,False,True,False,False
1,0,1,1,19,1,0,75.62,1405.67,1,False,False,True,False,True,False,False,False,False,False,True,False,False,False,False,False,True,False,False,False,False
0,0,1,0,17,1,1,28.09,554.31,1,False,True,True,False,False,False,True,False,False,False,False,False,False,False,True,False,False,False,True,False,False
1,0,0,0,37,1,0,18.0,730.93,1,False,False,False,False,False,True,False,True,False,False,False,False,False,False,False,False,False,False,False,False,False
1,0,0,0,66,1,1,40.19,2683.24,0,False,True,False,False,True,False,False,False,False,True,False,False,False,False,False,False,False,False,True,False,False
0,0,1,0,22,1,1,107.91,2465.47,0,False,True,False,False,True,False,False,False,False,True,True,False,False,True,False,True,False,True,False,True,False
0,0,0,0,15,1,0,74.79,1233.47,0,False,False,False,True,False,False,False,True,False,True,True,False,False,True,False,False,False,False,False,False,False
0,0,1,0,58,1,1,82.72,4789.0,0,False,True,True,False,False,False,False,False,False,False,False,True,False,True,False,True,False,False,False,False,False
0,1,0,0,68,1,1,86.92,5870.12,0,False,False,False,False,True,False,False,False,True,False,False,False,True,False,False,True,False,True,False,False,True
1,0,0,1,67,1,0,47.02,3057.13,1,False,True,True,False,False,False,False,False,True,False,False,False,False,False,True,False,True,False,True,False,False
0,0,0,0,20,1,1,106.4,2240.23,0,False,False,True,False,True,False,True,False,False,False,False,False,False,True,True,False,True,False,True,False,False
1,0,1,1,69,1,1,45.78,3136.84,0,False,True,False,True,False,True,False,True,False,False,False,False,False,True,False,True,True,False,False,False,True
0,0,0,0,11,1,1,106.95,1233.2,0,False,False,False,False,False,True,False,True,False,False,True,False,True,False,False,True,False,True,False,False,True
0,0,0,1,15,1,0,78.03,1133.39,0,False,True,False,False,False,False,True,False,False,True,False,False,False,False,False,False,True,False,False,False,True
0,0,1,1,13,1,1,18.0,310.91,0,False,False,False,True,False,False,False,False,False,True,True,False,False,False,False,False,False,True,True,False,False
1,0,0,1,60,1,1,42.32,2504.19,0,False,True,False,False,True,False,False,False,True,False,False,True,False,False,False,True,True,False,False,False,False
0,0,1,1,70,1,1,18.0,1200.41,0,False,False,False,False,True,False,True,False,False,False,True,False,False,True,False,False,True,False,False,True,False
0,0,0,0,45,1,1,99.66,4474.27,1,False,True,False,True,False,False,False,False,True,False,False,False,True,False,False,True,False,False,False,False,True
0,0,1,0,31,1,1,64.02,1958.03,1,True,False,True,False,False,True,False,False,False,False,False,False,True,False,False,False,False,False,False,True,False
0,1,0,0,14,1,0,18.0,281.81,0,False,True,False,False,True,False,False,True,False,False,False,False,False,False,False,False,False,True,False,False,False
1,0,0,1,43,1,0,76.03,3266.72,0,False,True,False,False,False,False,False,True,False,True,False,True,True,False,False,False,False,False,False,True,False
0,0,1,1,16,1,1,48.65,809.79,0,False,False,False,False,False,True,False,True,False,True,True,False,False,False,False,False,True,False,False,False,True
1,1,1,1,40,1,1,20.25,795.45,0,False,True,False,False,False,False,True,False,False,False,False,False,False,True,True,False,False,False,True,False,False
1,0,1,1,53,1,1,115.1,6067.04,1,False,True,False,True,False,False,False,True,False,False,False,False,False,False,True,False,False,True,False,True,False
1,0,1,0,43,0,1,67.98,2893.96,0,True,False,True,False,False,False,False,False,False,True,False,False,False,True,False,True,False,False,False,True,False
1,0,1,1,4,0,0,55.96,326.09,1,True,False,True,False,False,False,True,False,False,True,False,False,False,True,False,True,False,True,False,False,True
1,0,0,0,26,1,0,52.78,1383.54,0,False,True,False,True,False,False,False,False,False,True,False,True,False,False,False,False,True,False,False,True,False
1,1,1,1,42,1,0,19.36,713.93,1,True,False,True,False,True,False,False,False,False,False,False,True,False,True,False,True,False,False,False,True,False
0,0,1,1,30,1,1,25.62,742.59,1,False,False,False,False,False,False,False,False,False,False,False,False,True,False,False,False,False,False,True,False,False
1,1,0,0,16,1,1,103.31,1657.8,1,False,True,True,False,False,False,False,False,False,True,False,False,True,False,False,False,False,False,True,False,False
1,0,1,0,53,1,0,50.54,2770.89,0,False,False,False,True,False,False,False,False,False,True,True,False,False,True,False,False,False,False,True,False,False
1,0,0,1,61,1,0,65.42,4042.05,0,False,False,False,True,False,False,False,False,False,True,True,False,False,False,False,False,False,False,True,False,False
0,0,0,1,31,1,0,18.0,511.91,0,True,False,False,False,False,True,True,False,False,False,False,False,True,False,False,False,False,False,False,False,True
0,0,0,0,39,1,1,25.22,1104.5,1,False,True,True,False,False,True,True,False,False,True,False,False,True,False,True,False,False,True,False,True,False
1,0,0,1,12,1,0,83.05,995.04,1,False,False,True,False,False,False,True,False,False,False,False,False,False,False,False,True,False,False,False,True,False
0,1,0,1,34,1,1,76.09,2649.38,0,False,True,False,True,False,False,True,False,False,True,False,False,False,False,False,False,True,False,True,False,False
1,0,1,0,4,0,1,117.36,411.69,1,False,True,False,False,False,False,False,False,False,True,False,True,False,False,False,True,False,False,False,False,False
1,1,1,0,72,1,1,105.05,7443.69,1,False,True,True,False,False,True,False,False,True,False,False,False,False,False,False,True,True,False,False,True,False
0,0,1,0,28,1,0,57.84,1549.1,0,True,False,False,True,False,False,True,False,False,False,False,False,True,False,False,False,False,False,False,False,True
1,1,0,0,69,0,1,78.95,5285.03,0,False,False,True,False,False,False,False,False,False,True,False,True,False,False,False,True,True,False,False,False,True
0,0,1,0,24,1,1,55.26,1431.84,0,False,False,True,False,False,True,True,False,True,False,False,False,True,False,False,True,True,False,False,False,True
0,0,0,0,21,1,0,120.0,2530.73,0,False,False,False,False,False,True,False,False,False,False,True,False,False,True,False,True,True,False,True,False,False
1,1,0,0,65,1,1,99.23,6403.72,0,False,True,False,False,True,False,False,False,True,False,False,False,True,False,False,False,False,False,False,False,True
1,0,0,0,44,1,0,69.85,3096.03,0,False,True,False,False,True,False,False,False,False,False,False,False,False,False,False,False,True,False,True,False,False
0,0,0,1,68,1,1,70.77,4821.83,0,False,True,False,True,False,True,True,False,False,False,True,False,False,False,False,True,False,False,False,False,True
1,0,1,0,71,1,1,108.11,7706.86,0,False,True,False,False,False,False,False,True,True,False,False,False,False,False,False,False,False,False,False,False,False
1,0,0,0,0,1,0,82.15,60.48,0,False,False,True,False,False,False,False,False,False,True,False,False,False,True,False,True,False,False,True,False,False
1,1,0,0,43,1,0,111.52,4780.86,1,False,False,True,False,True,False,False,False,False,False,False,False,False,True,False,False,False,False,True,False,False
0,0,1,0,38,1,1,18.0,640.01,1,False,True,False,False,False,False,False,True,False,False,False,False,False,True,False,False,False,False,False,True,False
0,0,1,0,53,0,0,78.6,4207.19,1,False,True,True,False,False,False,False,False,False,True,False,False,False,True,False,False,True,False,False,True,False
1,0,0,1,28,1,1,49.3,1420.52,1,False,True,True,False,False,True,False,False,False,True,False,True,False,False,True,False,False,False,False,False,True
0,0,0,0,53,1,1,117.45,6229.89,0,False,True,False,True,False,False,False,False,False,True,False,False,False,False,True,False,False,False,False,False,True
0,0,0,1,15,1,1,111.15,1776.13,0,True,False,True,False,True,False,False,False,False,False,True,False,False,False,False,True,False,False,False,False,False
0,0,0,0,19,1,1,65.75,1227.36,0,False,False,True,False,False,False,False,False,False,False,False,False,False,True,True,False,True,False,True,False,False
0,0,0,1,45,0,0,110.83,4942.36,0,False,False,False,False,False,False,False,False,False,False,True,False,True,False,False,True,True,False,False,True,False
0,0,0,0,66,1,0,118.25,7825.4,0,False,False,False,True,False,True,False,False,False,True,False,False,False,False,True,False,False,False,False,False,True
1,0,1,1,64,1,0,66.99,4253.61,0,False,True,False,False,False,False,False,True,False,False,True,False,True,False,False,True,True,False,False,True,False
1,0,1,0,57,1,0,120.0,6864.78,1,False,True,True,False,False,False,True,False,True,False,False,True,False,False,False,False,False,False,True,False,False
1,0,1,0,52,1,1,63.82,3276.99,0,False,False,False,False,False,False,False,False,False,False,False,False,False,True,False,True,False,False,True,False,False
0,0,0,1,0,1,0,58.32,0.0,0,False,False,False,True,True,False,False,False,False,False,False,True,False,False,False,True,False,False,False,False,True
0,0,0,0,65,1,0,90.74,5992.64,1,False,True,True,False,False,True,False,False,False,False,False,False,False,False,False,False,True,False,False,True,False
1,0,0,0,28,1,0,54.15,1495.92,0,False,False,True,False,False,False,False,False,True,False,False,False,False,True,True,False,True,False,False,False,False
0,0,1,1,69,1,0,67.32,4605.14,1,False,False,False,False,True,False,False,False,False,False,False,False,False,True,False,False,False,False,False,False,False
1,0,0,0,7,1,0,107.04,807.81,0,False,False,True,False,False,False,False,False,True,False,True,False,False,True,False,False,False,False,False,False,True
1,0,0,1,28,1,1,65.34,1776.97,0,True,False,True,False,False,True,False,False,False,False,True,False,False,True,False,False,False,False,True,False,False
1,0,0,0,50,1,0,18.0,865.35,1,False,False,True,False,False,False,False,False,True,False,False,True,False,False,False,True,True,False,True,False,False
0,0,0,0,32,1,0,75.78,2453.79,0,False,False,False,False,True,False,False,False,False,True,False,False,False,False,False,True,False,True,False,False,True
0,0,1,0,2,0,0,43.87,134.66,0,False,True,False,True,False,True,False,True,False,True,False,False,False,True,False,True,False,False,False,False,True
1,0,0,0,59,1,1,90.72,5413.5,0,False,True,False,True,True,False,False,False,False,True,False,False,False,False,False,False,False,False,False,True,False
1,0,1,1,34,1,1,85.65,2874.74,0,False,True,False,False,True,False,False,True,True,False,True,False,False,False,False,True,True,False,False,False,False
1,1,1,1,68,1,0,108.9,7435.0,0,False,True,False,True,False,True,False,True,False,False,False,False,False,True,False,True,False,True,False,False,True
1,0,0,0,19,1,1,91.99,1724.5,0,False,False,True,False,False,False,True,False,False,True,True,False,False,True,False,True,False,True,False,True,False
0,0,0,0,72,1,0,97.47,6987.56,0,False,False,True,False,False,False,False,False,False,True,False,True,False,True,False,True,True,False,False,True,False
0,0,0,0,38,1,1,44.69,1758.38,0,False,True,False,False,False,False,False,False,True,False,False,False,False,False,True,False,False,True,False,True,False
1,0,0,0,3,1,1,88.88,239.16,0,False,False,True,False,True,False,False,False,True,False,False,False,False,True,False,True,False,False,False,True,False
1,0,0,0,18,1,1,120.0,2173.91,0,False,True,True,False,True,False,True,False,False,False,False,True,False,False,False,False,False,False,False,False,True
0,1,0,0,44,1,1,44.1,1948.18,0,False,True,True,False,False,True,False,False,False,False,False,False,False,False,False,False,False,False,False,False,False
0,0,0,0,42,1,1,118.75,4933.96,1,False,True,True,False,False,False,False,False,False,False,True,False,False,False,False,False,True,False,False,False,False
1,0,1,0,12,1,1,48.28,627.66,0,False,True,True,False,False,False,False,False,False,False,False,False,False,True,False,True,False,False,False,False,True
1,0,1,0,12,1,1,39.2,498.41,1,False,True,True,False,False,False,True,False,True,False,False,False,False,False,False,False,False,False,False,False,True
1,0,1,1,59,0,1,73.65,4246.04,0,False,False,False,False,False,False,True,False,False,True,False,False,False,False,False,True,False,False,True,False,False
0,0,1,0,56,1,1,86.24,4843.31,0,False,True,False,True,False,True,True,False,False,False,False,True,True,False,False,False,False,False,False,False,True
0,0,1,0,51,1,1,92.11,4658.96,0,True,False,True,False,False,False,False,True,False,False,False,True,False,False,False,True,False,True,True,False,False
0,0,1,0,52,1,1,35.91,1922.17,0,False,True,False,False,False,False,False,True,False,False,False,False,False,False,False,False,False,False,False,False,True
1,0,1,1,42,1,0,77.8,3195.33,1,False,True,False,False,False,True,False,True,False,False,False,True,False,False,False,False,False,False,False,False,False
1,0,0,0,71,1,1,44.19,3119.67,1,False,True,True,False,True,False,False,True,False,False,True,False,False,False,False,False,False,True,False,True,False
0,0,1,0,71,1,1,20.09,1444.49,0,False,False,False,True,True,False,True,False,False,True,False,False,True,False,False,False,False,False,False,False,False
0,0,0,0,41,1,0,36.9,1515.62,0,False,True,True,False,False,False,False,True,False,False,True,False,False,True,False,False,True,False,True,False,False
1,0,1,1,25,1,1,42.23,1093.9,1,False,False,True,False,False,False,False,True,False,True,False,False,True,False,True,False,False,True,True,False,False
0,0,0,1,22,1,0,80.41,1693.1,0,False,False,False,False,False,False,False,True,False,True,True,False,False,False,False,True,False,True,True,False,False
0,0,1,0,42,1,0,99.33,4254.46,0,False,False,True,False,False,False,False,True,False,True,False,False,False,False,False,False,False,True,False,True,False
1,0,1,0,27,1,1,20.56,581.38,0,False,False,False,True,False,True,False,True,False,False,False,False,False,True,False,False,False,False,False,False,False
0,0,0,0,8,1,1,75.32,670.55,0,False,True,True,False,False,False,True,False,False,False,True,False,False,False,False,False,True,False,False,False,True
1,0,1,0,19,1,1,29.46,603.45,1,False,True,False,False,False,True,False,False,False,False,False,False,False,False,False,True,False,False,False,False,True
1,0,1,1,55,0,1,83.63,4599.07,1,False,True,True,False,False,True,False,True,False,False,False,True,False,True,False,False,False,False,False,True,False
1,0,1,0,38,1,1,46.08,1686.83,0,False,False,False,False,False,True,False,False,False,False,False,False,False,True,False,True,False,False,True,False,False
1,0,1,1,50,1,1,33.22,1632.82,0,False,True,True,False,False,True,False,False,False,False,True,False,True,False,False,True,False,False,True,False,False
1,0,1,0,11,1,0,88.75,1055.73,0,False,True,False,True,False,True,False,True,False,False,True,False,False,False,False,True,False,True,False,False,True
1,0,1,0,54,0,1,47.15,2615.37,1,True,False,True,False,True,False,False,False,False,False,False,False,False,False,False,True,False,False,False,True,False
1,0,0,0,10,1,1,55.28,521.82,1,False,True,False,False,False,False,False,False,False,False,False,False,False,True,False,False,True,False,False,True,False
0,1,0,0,25,0,0,18.0,309.08,0,False,False,False,True,False,True,False,False,False,False,True,False,False,False,True,False,False,False,False,False,False
1,0,0,0,41,1,1,93.16,3808.93,0,False,False,True,False,False,True,False,False,True,False,False,True,False,False,False,True,False,False,False,True,False
1,0,1,0,26,1,1,89.39,2309.75,1,False,True,True,False,True,False,False,True,True,False,False,False,False,False,True,False,False,True,True,False,False
0,0,0,1,10,0,1,64.92,636.71,1,False,True,True,False,False,False,True,False,False,True,False,False,False,False,True,False,False,False,False,False,False
0,1,1,0,37,1,1,18.93,726.84,1,False,True,True,False,False,False,True,False,False,True,False,False,False,False,True,False,True,False,False,False,False
0,0,1,0,42,1,0,101.04,4287.49,0,False,False,True,False,True,False,True,False,False,False,False,False,False,False,True,False,False,False,False,False,True
1,0,0,1,18,1,1,44.77,855.37,1,False,False,True,False,False,False,False,True,False,False,False,True,False,True,False,False,False,False,False,True,False
0,0,1,0,63,1,1,51.16,3245.37,0,False,False,True,False,False,False,True,False,False,True,False,True,True,False,False,True,False,False,True,False,False
1,0,1,0,5,0,1,120.0,509.96,0,True,False,False,False,False,True,True,False,True,False,False,False,False,False,False,False,False,True,False,False,False
1,0,0,0,45,1,1,43.65,1947.19,1,False,False,False,True,False,False,True,False,False,True,False,True,False,False,False,False,False,False,True,False,False
1,1,0,0,41,1,1,87.03,3683.43,1,False,True,True,False,False,False,False,True,True,False,False,True,False,False,True,False,False,False,False,False,True
1,0,0,0,64,1,0,81.62,5242.39,0,False,True,False,False,False,False,False,False,False,False,True,False,True,False,True,False,False,False,False,False,False
0,0,0,1,71,1,0,76.47,5447.76,0,False,False,True,False,False,False,True,False,False,False,False,False,False,True,False,False,False,True,False,True,False
0,0,0,1,58,1,1,73.22,4264.73,0,False,True,False,True,False,False,False,False,False,True,False,False,False,True,False,False,True,False,False,False,False
1,0,1,0,51,1,1,76.05,3899.32,0,False,True,False,True,False,True,False,False,False,True,True,False,False,False,False,True,True,False,False,False,False
1,0,1,0,46,1,0,72.92,3235.16,0,False,False,True,False,False,True,True,False,False,False,False,True,False,False,False,True,False,False,False,False,False
1,0,1,1,6,0,1,63.2,367.22,0,False,True,False,False,False,False,False,False,False,True,False,False,True,False,False,False,False,True,False,False,False
0,0,1,0,10,1,1,110.1,1099.11,1,True,False,True,False,True,False,False,False,False,False,False,False,False,True,False,False,False,True,False,True,False
1,0,1,0,60,1,1,25.38,1586.87,0,False,False,False,False,False,False,False,False,False,False,False,False,False,False,True,False,False,True,True,False,False
1,0,0,0,67,0,1,95.4,6394.18,0,False,True,False,True,False,False,True,False,False,True,True,False,False,True,False,False,False,True,True,False,False
0,0,0,1,24,1,1,89.43,2063.99,0,True,False,False,False,False,True,False,True,False,True,True,False,False,True,True,False,True,False,False,True,False
0,1,0,0,11,1,0,85.71,964.31,1,False,True,False,False,False,True,False,False,True,False,False,False,True,False,False,False,False,False,True,False,False
1,0,1,0,25,1,0,98.27,2416.56,1,False,True,True,False,False,True,False,False,False,True,False,True,False,False,True,False,False,True,False,True,False
0,1,0,0,11,1,1,61.98,620.94,1,False,True,True,False,False,False,True,False,False,True,False,True,False,False,False,True,False,True,False,False,False
0,0,0,0,42,1,1,18.0,714.29,0,False,True,False,True,False,True,False,False,False,False,False,False,False,True,True,False,False,False,False,True,False
1,0,0,0,50,0,0,62.59,3156.63,0,False,False,True,False,False,True,True,False,True,False,False,True,False,False,False,False,False,False,True,False,False
0,0,1,0,36,1,1,35.02,1323.66,0,False,True,False,False,False,False,True,False,False,False,False,False,False,False,False,True,False,True,False,True,False
1,0,0,1,45,1,0,42.8,1950.15,0,False,True,False,False,False,True,False,True,False,True,False,False,True,False,False,True,False,False,False,False,True
0,0,1,0,52,1,1,27.49,1461.08,0,False,True,True,False,False,False,False,False,False,False,False,True,True,False,True,False,False,True,False,False,True
1,0,1,0,12,1,1,50.44,628.93,0,False,False,False,False,False,False,False,True,True,False,True,False,False,False,False,True,False,False,False,True,False
1,0,1,0,53,1,1,46.86,2488.65,1,False,False,True,False,False,False,False,False,True,False,False,True,False,False,False,False,False,False,False,False,False
1,0,0,1,56,1,0,18.0,1042.85,1,False,True,True,False,False,False,False,False,False,False,False,False,False,False,False,False,False,False,False,True,False
0,1,0,1,3,1,1,85.77,136.37,1,False,True,True,False,False,False,True,False,False,False,False,False,False,False,False,False,False,False,False,False,False
1,1,1,0,48,1,1,120.0,5765.55,0,False,True,False,True,False,False,True,False,False,False,False,False,False,True,True,False,False,False,True,False,False
0,0,1,0,6,1,1,82.95,445.45,0,False,True,False,True,False,False,False,True,False,True,False,False,False,False,False,False,False,False,True,False,False
1,0,1,0,10,1,0,58.67,644.85,0,False,False,False,True,True,False,False,True,False,False,False,True,False,True,False,False,True,False,True,False,False
1,0,1,0,53,1,0,63.12,3338.0,0,False,False,False,False,False,True,False,False,False,False,False,False,False,True,True,False,False,True,False,False,True
0,0,1,0,44,1,0,52.13,2295.27,0,False,True,False,False,False,True,False,False,True,False,False,False,False,True,True,False,False,False,False,True,False
1,0,1,0,22,1,0,67.46,1408.87,0,False,True,False,False,True,False,False,True,False,True,True,False,False,False,True,False,False,False,False,False,True
1,0,0,0,27,1,1,63.65,1769.39,1,False,True,False,True,False,False,True,False,False,True,False,False,True,False,False,False,False,False,False,True,False
0,0,1,0,56,1,1,39.53,2245.05,0,False,False,False,True,False,False,True,False,False,False,False,False,False,False,False,True,False,False,True,False,False
1,1,1,0,25,1,1,115.25,2909.1,1,False,True,False,True,False,False,False,False,False,False,False,False,False,False,False,False,False,False,False,True,False
1,0,1,1,24,1,1,20.15,442.95,0,True,False,False,False,False,True,True,False,True,False,True,False,False,True,False,False,False,False,True,False,False
1,0,0,0,53,1,0,86.31,4535.75,1,False,False,False,True,False,False,False,False,False,True,False,True,False,False,False,True,False,False,False,True,False
1,0,0,0,28,1,0,61.72,1739.34,1,False,True,True,False,False,False,False,False,False,True,False,False,False,True,False,True,False,False,True,False,False
0,0,0,1,35,1,1,120.0,4165.28,0,False,False,False,False,False,True,False,False,False,False,True,False,False,False,False,True,False,False,False,True,False
0,0,1,1,13,1,0,74.99,996.61,0,True,False,True,False,False,False,False,True,False,False,False,False,True,False,False,False,True,False,False,True,False
1,1,0,0,34,1,0,53.96,1726.59,0,False,False,False,False,True,False,True,False,True,False,False,True,False,True,True,False,False,False,False,False,False
0,0,1,1,29,1,1,57.33,1638.19,0,False,True,True,False,False,False,False,False,False,False,False,False,False,True,False,True,False,True,False,True,False
1,1,0,1,16,1,1,65.96,1145.2,0,False,True,False,False,False,True,False,False,True,False,False,True,False,False,False,False,False,True,False,False,False
0,0,0,0,66,1,1,30.48,2033.65,0,False,False,True,False,False,False,False,False,False,False,False,False,True,False,True,False,False,True,False,False,True
1,0,0,0,29,1,1,41.75,1219.09,1,False,False,True,False,False,False,False,True,False,False,False,False,False,False,False,True,False,True,False,True,False
1,0,0,0,44,1,1,18.0,891.26,0,False,False,False,True,True,False,False,True,False,False,True,False,True,False,False,False,False,False,True,False,False
1,0,0,1,50,1,1,37.07,1736.7,1,False,False,True,False,False,False,False,False,True,False,False,False,False,False,True,False,False,False,False,False,True
1,1,1,1,46,1,1,67.58,3067.91,1,False,False,True,False,False,True,False,False,False,True,False,True,True,False,True,False,False,False,False,False,False
1,1,0,0,52,0,0,73.77,3815.98,1,True,False,False,True,False,False,False,False,False,False,False,True,False,True,False,True,False,True,False,False,True
1,0,1,0,63,1,1,18.0,1176.92,0,False,True,False,True,False,False,False,False,False,True,True,False,False,True,False,True,False,True,False,False,False
0,0,0,0,37,1,1,60.64,2287.46,0,False,False,False,False,False,True,False,False,False,False,False,True,True,False,False,True,False,True,False,True,False
1,0,1,0,63,0,0,81.66,5101.28,1,False,False,True,False,False,False,False,False,False,False,False,False,True,False,False,False,False,False,False,True,False
0,1,1,0,6,1,1,59.87,409.12,1,False,False,False,False,False,False,False,False,False,True,False,True,False,True,False,False,True,False,False,False,True
1,0,1,1,21,1,1,45.75,940.58,0,False,False,False,False,False,False,True,False,True,False,False,False,False,True,False,False,False,False,False,False,True
0,0,1,0,40,1,0,52.4,2156.58,0,False,True,True,False,False,True,False,False,False,True,False,False,False,True,False,False,False,False,False,False,True
0,0,0,1,9,1,1,48.54,385.23,0,False,False,False,True,False,False,False,False,True,False,False,False,False,True,False,True,True,False,False,False,False
0,0,0,0,56,1,0,45.66,2550.79,0,False,False,False,False,True,False,False,True,True,False,False,False,False,True,False,False,False,False,False,False,False
1,0,1,0,6,1,1,69.97,395.31,0,False,True,False,True,True,False,False,False,False,True,True,False,True,False,False,False,False,True,False,True,False
1,0,1,0,49,1,1,120.0,5932.8,1,False,False,False,True,True,False,False,True,False,False,False,False,False,False,False,False,False,False,False,True,False
0,1,0,1,51,0,1,42.45,2138.81,1,False,True,False,True,True,False,False,False,False,True,False,False,False,False,False,False,False,True,False,False,True
1,0,1,1,32,1,1,55.22,1764.92,1,False,True,False,False,False,True,False,True,False,True,True,False,False,False,False,False,False,False,False,True,False
0,0,0,0,0,1,0,63.21,25.34,0,False,True,False,True,False,False,False,False,False,False,True,False,False,False,False,True,False,True,False,True,False
1,1,0,1,52,1,0,44.14,2322.54,0,False,True,False,False,False,False,False,False,True,False,False,False,True,False,False,True,False,True,False,True,False
0,0,0,0,59,1,0,97.71,5809.24,0,False,False,True,False,True,False,False,False,False,True,True,False,False,False,False,True,False,True,True,False,False
0,1,0,1,33,1,0,18.0,604.56,0,False,False,False,False,False,True,False,True,False,False,False,True,False,False,False,True,False,False,False,False,False
1,0,1,0,3,1,1,48.83,125.58,0,False,False,False,False,True,False,False,True,False,False,False,False,False,False,False,False,False,True,False,True,False
0,0,0,0,16,1,0,89.31,1411.48,0,False,False,True,False,False,False,False,False,True,False,True,False,False,False,False,True,False,False,False,True,False
1,1,1,0,3,1,0,55.94,169.1,1,False,True,True,False,True,False,False,True,False,True,False,True,True,False,False,True,False,False,False,False,False
0,0,1,0,42,1,0,40.13,1697.94,1,False,True,False,False,False,True,False,False,False,False,False,True,True,False,False,False,False,False,False,False,True
0,0,0,1,3,1,0,77.98,226.58,1,False,False,False,False,False,True,False,False,False,False,False,False,False,False,False,False,False,True,False,False,False
1,0,1,1,0,1,1,91.95,0.96,1,False,True,True,False,False,False,False,False,False,False,False,False,False,False,False,False,False,False,True,False,False
1,0,0,0,70,1,1,71.08,4899.74,1,True,False,False,False,False,True,False,False,True,False,False,False,False,True,False,False,False,True,False,False,False
1,0,0,0,49,0,0,40.72,2028.65,0,False,False,False,True,True,False,True,False,True,False,False,False,False,False,False,False,True,False,False,True,False
0,0,0,0,72,1,1,78.45,5657.46,0,False,False,False,False,False,True,False,True,False,True,True,False,False,False,True,False,False,False,False,False,False
1,1,0,1,60,1,1,52.7,3212.09,0,True,False,False,False,False,False,False,True,False,False,False,False,False,True,False,True,False,True,True,False,False
0,0,1,1,34,1,0,87.12,2962.09,1,False,True,True,False,False,False,False,True,False,False,False,True,False,False,False,False,False,False,False,False,False
0,0,1,1,7,1,1,109.26,677.9,0,False,True,True,False,False,False,False,True,False,False,True,False,False,False,True,False,False,True,False,False,False
1,0,0,0,23,1,1,18.0,396.08,0,False,False,True,False,False,False,False,True,False,False,False,True,False,True,True,False,False,False,False,True,False
1,0,1,1,35,1,1,68.09,2373.15,0,False,True,False,False,False,False,False,False,False,False,False,True,True,False,False,True,False,False,False,False,True
0,0,0,0,49,1,0,18.0,919.15,0,True,False,False,True,False,True,False,False,False,False,False,True,False,True,False,False,False,False,False,False,False
0,1,0,1,42,1,1,120.0,4936.49,1,False,True,True,False,False,True,False,False,True,False,False,False,True,False,False,True,False,False,True,False,False
1,0,0,0,26,1,0,50.72,1320.78,0,False,False,False,False,False,False,False,False,False,True,False,True,False,False,False,False,False,False,False,False,False
1,0,1,0,31,1,1,87.15,2727.33,1,False,False,True,False,False,False,False,False,True,False,False,True,False,False,False,False,False,False,False,False,False
1,0,1,0,17,1,1,63.7,1049.83,0,False,False,False,True,False,False,False,False,False,False,False,False,False,False,False,False,False,False,False,True,False
1,0,1,0,27,1,1,40.67,1101.82,1,False,True,False,False,False,False,False,True,False,False,False,False,False,False,False,False,False,False,False,True,False
1,0,1,0,28,1,0,37.1,1007.45,0,False,True,False,False,False,False,False,False,True,False,False,False,False,False,False,False,False,False,False,False,True
0,0,0,0,15,0,1,112.33,1648.47,1,False,False,True,False,False,False,False,True,False,False,True,False,False,False,False,False,False,True,False,True,False
0,0,1,0,46,1,0,93.44,4277.82,0,False,True,True,False,False,True,False,True,False,False,False,False,False,False,True,False,True,False,False,False,False
0,0,1,0,58,0,0,120.0,6924.47,0,False,False,True,False,False,False,False,False,False,False,False,True,False,False,False,False,False,True,False,True,False
0,0,1,0,30,1,0,66.42,2026.78,0,False,False,False,False,True,False,True,False,False,False,False,True,True,False,False,True,True,False,True,False,False
1,0,0,1,3,1,0,73.4,183.45,0,False,False,False,False,True,False,False,False,True,False,True,False,False,True,False,False,True,False,True,False,False
1,0,0,0,36,1,1,56.74,1997.49,0,False,False,True,False,False,False,False,True,True,False,False,True,False,False,False,True,True,False,False,False,True
1,0,1,1,16,1,1,56.15,986.8,1,False,True,False,False,False,False,True,False,False,True,True,False,False,True,False,False,False,False,False,True,False
0,0,1,1,38,1,0,33.5,1916.69,1,False,False,True,False,True,False,False,False,False,True,False,True,False,False,True,False,True,False,False,False,False
0,0,1,0,47,0,0,67.28,3069.08,1,False,False,True,False,False,False,False,False,False,False,True,False,False,False,True,False,False,False,True,False,False
1,0,1,0,45,1,0,41.08,1810.36,0,False,False,False,False,False,True,True,False,False,True,False,False,False,True,False,False,False,True,False,False,False
1,0,0,0,47,1,0,78.02,3679.06,1,True,False,False,True,False,True,False,False,False,False,False,False,False,True,False,True,False,True,False,True,False
0,0,0,0,38,1,0,69.86,2670.87,0,False,False,False,True,False,False,False,True,False,True,False,False,False,True,False,True,False,False,False,True,False
0,1,1,0,3,1,1,73.39,145.65,0,False,True,True,False,True,False,False,False,False,False,False,False,False,False,False,False,False,True,False,True,False
1,0,1,0,29,1,0,115.01,3393.22,1,False,True,False,False,False,False,False,False,False,True,False,False,False,False,False,True,False,False,False,True,False
1,0,0,1,29,1,0,63.63,1886.53,0,True,False,False,False,False,True,False,False,False,False,False,False,True,False,False,False,False,False,True,False,False
0,1,1,1,21,1,0,87.46,1860.76,0,False,True,True,False,False,True,False,False,False,False,False,False,False,False,False,True,False,False,True,False,False
1,0,0,0,65,1,1,120.0,7867.84,0,False,False,False,False,False,False,True,False,False,False,False,True,False,True,False,False,False,True,False,True,False
1,0,1,1,11,1,0,103.96,1166.17,1,False,False,False,True,True,False,True,False,True,False,False,True,True,False,False,True,True,False,False,True,False
1,0,0,1,35,1,0,99.36,3500.03,0,False,True,False,False,False,False,True,False,True,False,False,False,False,False,True,False,False,True,False,True,False
0,0,1,0,17,1,1,55.56,1022.4,1,False,True,True,False,False,False,True,False,False,False,False,True,False,False,False,False,False,False,True,False,False
0,0,0,0,52,1,0,71.65,3780.86,0,False,False,True,False,False,True,True,False,False,True,False,False,False,True,False,False,False,False,False,False,True
0,1,0,0,70,1,1,25.21,1722.62,0,False,True,True,False,True,False,False,True,True,False,False,True,False,False,False,True,True,False,False,False,False
0,0,1,0,0,1,0,79.73,31.66,0,False,False,False,False,True,False,False,True,True,False,False,False,True,False,False,False,False,False,False,False,True
0,0,1,0,57,1,1,72.99,4127.22,1,False,False,True,False,False,True,False,False,True,False,False,True,False,False,False,True,True,False,False,False,False
0,0,1,1,5,1,1,65.46,352.51,0,False,False,False,False,False,False,True,False,False,True,False,False,False,False,False,False,False,False,False,False,True
0,1,1,1,69,1,1,95.58,6618.85,0,False,False,False,True,False,True,False,False,True,False,False,True,False,False,True,False,False,False,False,True,False
1,0,1,0,43,1,0,28.53,1157.62,0,False,True,False,False,False,True,False,False,False,True,False,True,True,False,False,False,False,False,False,False,False
1,0,1,0,71,1,1,113.81,8074.42,0,False,False,False,True,False,True,False,True,False,False,False,True,False,True,False,False,True,False,False,False,False
1,0,0,0,23,1,0,91.81,2124.89,1,False,True,False,True,False,True,False,True,True,False,True,False,False,False,False,False,False,False,False,True,False
1,0,1,1,18,1,0,62.64,1105.71,1,False,True,False,False,False,False,False,False,False,True,False,True,True,False,True,False,False,False,False,True,False
1,1,1,0,17,1,0,60.3,1040.84,0,False,False,False,True,False,False,False,True,True,False,False,False,False,True,True,False,False,False,False,False,True
1,1,0,0,29,1,1,79.18,2336.51,1,False,False,False,False,False,False,False,False,False,False,False,True,False,False,False,False,False,False,False,False,True
1,0,1,0,41,1,0,110.39,4524.46,0,False,True,False,True,False,False,False,True,True,False,False,True,False,False,False,False,False,False,False,False,False
0,1,0,0,32,1,0,67.81,2181.15,1,False,False,True,False,False,True,False,False,False,True,False,False,False,False,False,False,False,False,True,False,False
0,0,1,0,11,0,1,69.08,829.05,1,False,False,False,False,False,True,False,False,True,False,False,False,False,False,False,True,True,False,False,True,False
1,1,0,0,26,0,1,65.3,1721.46,1,False,True,True,False,False,False,False,False,False,True,True,False,False,False,False,False,False,False,False,True,False
1,0,0,0,38,1,1,118.22,4502.4,0,False,True,False,False,False,False,False,False,False,False,True,False,False,False,False,False,False,True,False,True,False
0,0,0,0,8,1,0,53.69,381.62,1,True,False,False,True,False,False,False,True,False,False,False,False,False,True,False,True,True,False,False,False,True
1,0,0,0,20,1,1,63.87,1310.95,0,False,False,False,False,True,False,True,False,False,False,False,False,False,False,False,True,False,False,False,False,True
1,0,1,0,28,0,1,108.66,3058.99,1,False,False,True,False,False,False,False,False,False,True,False,False,False,True,False,False,False,False,False,False,False
0,0,0,0,32,1,0,69.17,2277.63,1,False,False,True,False,True,False,False,False,False,False,False,False,False,True,True,False,False,True,False,True,False
1,0,1,0,61,1,1,98.87,6033.41,1,False,True,False,True,False,False,False,False,False,True,True,False,True,False,False,False,False,False,False,False,False
0,0,1,1,14,1,0,37.42,433.07,1,False,False,False,False,False,True,False,True,False,False,False,False,False,False,False,False,False,False,True,False,False
1,0,1,0,1,1,0,58.6,0.0,1,False,False,True,False,False,False,True,False,False,True,False,False,True,False,False,False,False,False,True,False,False
0,0,0,0,51,1,1,109.29,5610.57,0,False,False,True,False,False,True,False,False,True,False,False,True,False,True,False,False,True,False,True,False,False
0,0,1,0,43,0,0,44.47,1883.7,1,False,True,True,False,False,False,False,False,False,True,False,True,False,False,False,False,True,False,False,False,False
0,1,0,0,53,1,1,60.22,3213.5,0,False,True,False,False,False,True,False,True,False,True,True,False,False,True,False,False,False,True,True,False,False
1,0,0,0,17,1,1,72.46,1237.53,0,False,True,False,False,True,False,True,False,False,True,False,False,True,False,False,True,False,True,False,True,False
0,0,0,1,2,1,0,35.09,61.84,1,True,False,False,False,False,True,False,False,False,False,False,False,True,False,False,False,False,False,False,True,False
1,0,0,0,6,1,1,52.35,309.28,1,False,True,True,False,True,False,False,True,False,True,False,True,False,True,False,True,False,False,False,True,False
1,1,1,0,42,1,0,68.14,2818.61,0,False,False,False,False,True,False,False,False,False,False,True,False,True,False,False,False,False,False,False,False,False
1,0,1,0,37,1,1,66.16,2447.13,0,False,True,True,False,False,False,True,False,True,False,False,True,False,True,True,False,False,False,True,False,False
1,0,1,0,36,1,1,103.17,3684.9,0,False,True,False,False,False,False,False,False,False,False,True,False,False,False,False,True,False,False,False,True,False
0,0,1,0,57,1,0,111.0,6308.39,0,False,False,False,True,False,False,False,False,False,False,False,True,True,False,False,False,False,False,False,False,False
0,1,1,0,32,1,1,39.08,1234.38,1,False,False,False,True,True,False,False,False,False,True,True,False,True,False,False,False,False,False,False,False,False
1,0,1,1,58,1,0,68.1,3938.47,1,False,False,True,False,False,False,False,False,False,False,False,False,True,False,True,False,False,False,True,False,False
1,0,1,0,10,0,1,84.99,896.01,0,False,True,True,False,True,False,False,False,False,True,False,True,False,False,False,False,False,False,False,False,False
0,0,0,0,67,0,0,110.25,7380.26,0,False,False,False,False,False,False,False,True,True,False,False,False,False,True,False,False,False,True,True,False,False
1,1,0,0,67,1,1,86.31,5833.96,0,False,True,False,False,True,False,False,False,False,True,False,False,False,True,True,False,True,False,False,False,True
0,0,1,0,21,1,1,73.49,1620.18,0,False,True,False,False,False,False,True,False,False,False,False,True,False,False,False,False,False,True,False,False,True
1,0,0,0,65,0,1,84.76,5552.15,1,False,False,True,False,False,False,False,False,False,False,True,False,True,False,False,False,False,False,False,False,True
1,1,1,1,43,1,1,84.97,3680.43,1,False,True,True,False,True,False,False,False,True,False,False,False,False,True,False,False,False,False,False,False,True
0,0,1,0,5,1,0,36.93,200.99,1,False,True,False,True,True,False,False,False,False,True,False,False,False,False,True,False,False,False,False,True,False
1,0,0,0,41,0,1,70.54,2935.41,1,False,False,True,False,False,False,False,False,False,False,False,True,False,False,False,True,False,False,False,False,False
0,0,0,0,24,1,1,108.53,2609.19,1,False,False,True,False,False,True,True,False,False,True,False,False,False,False,False,False,False,False,False,False,False
1,0,1,0,56,1,1,58.54,3327.47,0,False,False,True,False,False,False,False,False,False,False,True,False,False,False,False,False,False,True,False,False,False
1,0,0,1,54,0,0,68.64,3737.27,0,False,True,True,False,True,False,False,True,True,False,False,False,False,False,False,False,False,True,False,False,True
1,0,0,1,15,1,0,57.48,844.21,1,False,True,False,False,False,False,True,False,False,False,True,False,True,False,False,False,False,False,False,False,True
0,0,0,0,13,1,1,18.0,278.79,0,False,True,True,False,True,False,False,False,False,False,True,False,False,True,False,False,False,False,False,False,True
1,0,0,0,38,1,1,65.38,2489.01,0,True,False,True,False,False,True,True,False,True,False,False,True,True,False,False,True,False,False,False,True,False
1,1,0,1,27,1,1,73.81,1987.56,0,False,False,True,False,False,False,False,False,False,False,False,True,False,True,False,False,False,False,False,False,True
1,0,1,0,50,1,0,49.39,2445.69,1,False,False,False,True,False,False,True,False,False,False,True,False,False,True,False,False,False,False,False,True,False
1,1,1,0,48,1,1,30.12,1454.06,1,False,True,False,False,True,False,False,True,False,False,False,False,False,False,True,False,False,False,False,True,False
0,0,1,0,8,0,1,38.34,356.54,1,False,False,False,False,False,True,False,False,False,False,False,True,True,False,False,True,False,False,False,False,False
0,1,1,0,57,1,0,87.69,5042.78,1,False,True,True,False,True,False,True,False,False,True,False,True,False,True,True,False,False,False,False,True,False
1,0,0,1,44,1,0,120.0,5297.67,0,False,False,True,False,False,False,False,True,True,False,False,False,False,False,False,False,False,False,True,False,False
0,0,1,1,21,1,1,106.23,2260.81,1,True,False,False,False,False,True,False,True,False,False,True,False,False,False,False,True,False,False,False,False,True
1,0,0,0,31,1,0,24.43,820.91,1,True,False,True,False,False,False,True,False,False,True,False,True,False,True,False,False,False,False,True,False,False
1,1,0,0,68,1,0,90.4,6139.7,0,False,False,False,True,False,False,True,False,True,False,False,True,True,False,False,True,False,True,False,True,False
1,0,0,0,68,0,0,44.87,2995.39,0,False,False,False,True,False,False,False,True,False,False,True,False,False,False,True,False,False,False,False,False,False
0,0,0,0,41,1,1,47.29,2003.95,0,True,False,False,False,False,True,True,False,False,True,False,False,False,True,True,False,False,True,False,False,True
0,0,0,0,52,1,1,50.9,2620.31,0,False,False,False,True,False,True,False,False,False,False,False,False,False,False,False,True,False,True,True,False,False
0,0,1,0,58,1,0,85.94,4950.0,0,False,True,True,False,True,False,False,False,True,False,False,False,False,False,False,True,False,True,False,False,True
0,0,0,0,38,1,1,93.54,3464.71,0,False,False,True,False,False,True,True,False,True,False,False,False,False,False,False,False,False,True,False,True,False
0,0,1,0,14,1,1,61.82,894.04,0,False,True,True,False,False,True,False,False,True,False,False,False,False,False,False,False,True,False,True,False,False
0,0,0,0,70,1,1,62.33,4282.03,0,False,False,False,True,False,False,False,True,True,False,False,False,False,True,False,False,False,True,False,False,True
0,0,1,1,28,1,0,78.69,2165.81,1,False,False,True,False,False,False,False,True,False,True,False,True,False,False,False,False,False,False,False,True,False
0,0,0,0,2,0,1,81.8,193.01,1,False,False,True,False,False,False,False,False,False,False,False,False,False,True,False,False,False,False,False,False,True
0,0,0,1,9,1,0,100.05,936.55,1,False,True,True,False,False,False,False,False,True,False,False,False,True,False,False,True,False,True,False,False,False
1,0,1,0,28,1,1,26.23,701.85,0,False,True,True,False,True,False,True,False,False,False,True,False,False,False,True,False,False,True,False,True,False
0,0,1,0,34,1,1,65.36,2215.53,0,False,False,False,False,False,False,True,False,False,False,False,False,False,True,True,False,False,True,False,False,True
0,0,0,0,5,1,1,32.72,119.97,0,False,False,False,True,False,True,False,False,False,False,True,False,True,False,False,False,False,True,False,True,False
0,0,0,0,11,1,1,63.23,668.11,1,False,False,True,False,False,True,True,False,False,False,True,False,False,True,True,False,False,True,False,False,False
0,0,0,1,37,1,0,57.97,2158.2,1,False,True,True,False,False,False,False,True,True,False,False,True,False,False,False,True,True,False,False,False,False
0,0,0,1,18,1,0,63.36,1115.4,0,True,False,False,False,False,False,False,True,False,False,True,False,False,False,False,True,False,True,False,False,True
0,0,1,0,66,1,1,40.77,2678.61,0,True,False,True,False,False,False,True,False,False,False,False,False,False,True,False,False,False,False,False,False,True
0,0,1,1,7,1,1,20.14,67.74,0,False,True,False,False,False,False,False,True,True,False,True,False,True,False,False,False,False,True,False,True,False
0,0,1,0,7,1,0,18.0,182.65,0,False,True,False,False,False,False,False,True,False,False,False,False,False,False,False,False,False,True,False,True,False
0,0,0,0,46,1,0,60.82,2823.22,1,False,False,True,False,False,True,False,False,False,True,False,False,False,True,True,False,False,True,False,True,False
0,0,1,0,3,1,0,51.83,195.14,1,False,False,True,False,False,True,False,False,False,False,False,False,False,False,True,False,True,False,False,False,True
0,0,0,0,50,1,0,44.48,2288.52,0,True,False,True,False,False,False,True,False,True,False,False,True,False,False,False,False,False,False,False,False,True
1,0,0,1,66,1,1,104.44,6851.78,1,False,False,False,False,False,False,False,True,False,False,False,True,True,False,False,False,False,False,True,False,False
1,0,0,0,44,1,0,38.98,1697.2,0,False,False,True,False,False,False,False,True,True,False,False,False,False,False,False,True,False,True,False,True,False
0,0,0,0,7,1,1,107.27,656.15,0,False,False,False,False,False,True,False,False,False,False,False,False,False,False,False,True,True,False,False,False,False
0,0,0,1,15,1,1,113.48,1859.22,0,False,True,False,True,False,False,False,False,False,True,False,False,False,False,False,False,False,False,False,False,True
1,1,1,0,66,1,0,18.0,1180.52,0,False,True,True,False,True,False,False,False,True,False,False,False,False,False,False,False,False,False,False,False,True
